"LONGITUDE","LATITUDE","TYPEQU"
"-0.5922511","44.8360527","historic"
"-0.3123733","44.821725","historic"
"-0.6809058","45.0059715","historic"
"-0.676988","45.0011288","historic"
"-0.6917595","44.9948407","historic"
"-0.6809331","45.0360746","historic"
"-0.678851","45.0407516","historic"
"-0.2492149","44.55436","historic"
"-0.5263118","44.6821601","historic"
"-0.5274265","44.6809272","historic"
"-0.0881953","44.6907405","historic"
"-0.1854551","45.2164071","historic"
"-0.1880134","45.216706","historic"
"-0.4418456","45.4389911","historic"
"-0.4075218","45.2842823","historic"
"-0.0835835","44.6946706","historic"
"-0.9826953","44.6454601","historic"
"-0.2264145","44.5636087","historic"
"-0.5704401","45.3727786","historic"
"-0.3139923","45.0188343","historic"
"-1.1508529","44.662611","historic"
"-0.9085591","45.5345456","historic"
"-0.8312468","45.5847903","historic"
"-0.8333278","45.5830378","historic"
"0.2487489","44.8219674","historic"
"-0.5869282","44.731364","historic"
"-0.5691264","44.7452647","historic"
"-0.562681","44.7537377","historic"
"-0.6092871","44.725693","historic"
"-0.6072388","44.7138397","historic"
"-0.602603","44.7223237","historic"
"-0.6315065","44.7454476","historic"
"-0.5488087","44.7463011","historic"
"-0.6519298","44.9615953","historic"
"-0.7666745","44.8750933","historic"
"-0.6308118","44.8054902","historic"
"-1.1613943","44.6582479","historic"
"0.2691917","44.7856295","historic"
"-0.97651","45.3630388","historic"
"-1.1538941","44.5761633","historic"
"-1.1538644","44.5766495","historic"
"-0.6097126","44.7158262","historic"
"-1.1643981","44.6336936","historic"
"-0.7684572","45.2152779","historic"
"-0.0138082","44.8225181","historic"
"0.0583398","44.8267825","historic"
"-0.4733219","44.8124864","historic"
"-0.5031996","44.8061249","historic"
"-0.3687562","44.4793134","historic"
"-0.468716","44.8466383","leisure"
"-0.5349639","44.868107","historic"
"-0.0415205","44.3939288","historic"
"-0.5038466","44.8042767","historic"
"-0.4983853","44.7863166","historic"
"-0.4966893","44.7844745","historic"
"-0.4846567","44.7862396","historic"
"-0.9577496","45.5610166","historic"
"-0.5787677","44.8385268","historic"
"-0.1251967","44.7781995","historic"
"-0.3054595","44.6593257","historic"
"-0.2406651","44.9139015","historic"
"-1.153644","45.4339338","historic"
"-1.158974","45.418778","historic"
"-1.1535898","45.4332247","historic"
"-1.1538314","45.4334772","historic"
"-1.1532174","45.4333923","historic"
"-1.1537574","45.4335983","historic"
"-1.1599137","45.3983526","historic"
"-1.1598936","45.3978872","historic"
"-1.1601246","45.3979225","historic"
"-0.2601579","44.5785453","historic"
"-0.3642874","44.8327213","historic"
"-1.1411728","44.7999188","historic"
"-0.5319976","44.855335","historic"
"-0.8553503","45.5255858","historic"
"-0.8341029","45.5020985","historic"
"-0.5030593","44.8105006","historic"
"-0.5040629","44.8258946","historic"
"-0.5797885","44.834888","historic"
"-0.040554","44.5846587","historic"
"-0.0345022","44.5797209","historic"
"-0.0684272","44.5714898","historic"
"-0.0677581","44.5726237","historic"
"-0.0141499","44.5534251","historic"
"-0.0290804","44.5625219","historic"
"-0.0393983","44.5828957","historic"
"-0.0418965","44.5814065","historic"
"-0.1873632","44.8317839","historic"
"-0.7670145","44.7397004","historic"
"-0.6471023","44.8419318","historic"
"-0.1221597","44.7280442","historic"
"-0.4398771","44.7581183","historic"
"-1.1971922","45.0027255","historic"
"-1.1485868","44.6310935","historic"
"-0.0189067","44.8515382","historic"
"0.0254316","44.8501085","historic"
"0.1052963","44.8926733","historic"
"0.1359939","44.859924","historic"
"0.0300256","44.878156","historic"
"0.0800828","44.881084","historic"
"-0.2857722","44.8853341","historic"
"0.1632299","45.0100566","historic"
"0.20962","45.0769176","historic"
"-0.012262","44.6795968","historic"
"0.0043585","45.1415718","historic"
"0.0825162","45.1403024","historic"
"0.0806641","45.1421863","historic"
"0.2850274","44.628971","historic"
"0.1006614","45.2179087","historic"
"0.2287548","45.1241838","historic"
"-1.2486329","44.623296","historic"
"0.2050006","45.0158015","historic"
"0.1999085","45.230885","historic"
"0.2228596","45.2344734","historic"
"0.2329868","45.2878163","historic"
"0.2390813","45.192264","historic"
"0.2960649","45.2238283","historic"
"0.284039","45.2214529","historic"
"-0.7821565","45.030407","historic"
"-0.7744172","45.0307118","historic"
"-0.1827114","44.7469774","historic"
"-0.3034761","44.7786374","historic"
"-0.2134776","44.6022799","historic"
"-0.2272291","44.9443672","historic"
"-1.1198106","45.5209323","historic"
"-1.1116638","45.5290601","historic"
"-1.1112445","45.5292809","historic"
"-1.1113076","45.5295217","historic"
"-1.1112579","45.5300561","historic"
"-1.1107929","45.5300727","historic"
"-1.1110057","45.5305502","historic"
"-1.1105644","45.531083","historic"
"-1.109723","45.5313787","historic"
"-1.109438","45.5316954","historic"
"-1.1098772","45.5323785","historic"
"-0.6257741","44.7696959","historic"
"-0.6288747","44.7685001","historic"
"-0.5987701","44.7691784","historic"
"-0.6332441","44.7656362","historic"
"-0.560014","45.0389363","historic"
"-0.555726","45.0402752","historic"
"-0.5583893","45.037806","historic"
"-0.0644203","44.863948","historic"
"-0.8558312","45.5225314","historic"
"-0.6859952","44.7409748","historic"
"-0.5569894","45.1112861","historic"
"-0.586464","45.1267938","historic"
"0.2374103","44.8688421","historic"
"0.2372011","44.8727083","historic"
"-0.4902026","44.9265863","historic"
"-0.5815146","44.7331613","historic"
"0.2602931","44.7912284","historic"
"0.2106697","44.8433509","historic"
"-0.2571455","44.8588192","historic"
"-0.6886436","44.9978417","historic"
"0.1479211","44.6811259","historic"
"0.1247703","44.6901173","historic"
"0.3258723","44.800933","historic"
"0.3171858","44.8088507","historic"
"-0.6561918","44.5265007","historic"
"-0.4411791","45.0269869","historic"
"-0.4363098","45.0304954","historic"
"-0.3017118","44.5786705","historic"
"-0.8033102","45.5416201","historic"
"-0.3938416","44.6760533","historic"
"-0.1916154","44.5714383","historic"
"-0.4110945","44.7812456","historic"
"-0.9611627","44.6310689","historic"
"-0.1917866","45.0380101","historic"
"-0.4296949","44.7971178","historic"
"-0.3247672","44.7923124","historic"
"0.1738827","44.7923222","historic"
"0.0704769","44.8964168","historic"
"0.3387063","44.7620212","historic"
"-0.1546079","44.8931768","historic"
"-0.1545695","44.890814","historic"
"-0.1559523","44.8959412","historic"
"-0.1537148","44.892242","historic"
"-0.1537679","44.8918579","historic"
"0.343051","44.7992736","historic"
"-0.1905757","44.8742914","historic"
"-1.1690524","44.39499","historic"
"0.0385312","45.2715922","historic"
"-0.1381202","45.4079642","historic"
"0.0785633","44.8201324","historic"
"0.3413448","44.7503136","historic"
"-0.3314275","44.950218","historic"
"0.293396","44.7310532","historic"
"-0.1301071","45.0169099","historic"
"-0.1384112","45.0168985","historic"
"-0.127103","45.0170236","historic"
"0.3027679","44.2585887","historic"
"0.2985746","44.2583467","historic"
"0.0567063","44.9196253","historic"
"-0.6067815","44.8508271","historic"
"-0.5831156","44.8372038","historic"
"-0.1865777","44.8301745","historic"
"-1.158849","45.4186693","historic"
"0.0203837","44.7214987","historic"
"0.0190177","44.7291921","historic"
"0.1352582","45.2029885","historic"
"0.2319457","44.8722354","historic"
"-0.2411329","44.9114635","historic"
"-1.0081216","44.6785898","historic"
"-1.0259082","44.6771824","historic"
"-1.0196494","44.6787051","historic"
"0.0306144","44.8741384","historic"
"-0.1135209","44.8558562","historic"
"0.3410831","44.6477387","historic"
"0.1996911","44.6271647","historic"
"-0.1829005","44.6046037","historic"
"-0.744074","45.1089558","historic"
"-0.718072","45.0995142","historic"
"-0.248568","44.5580201","historic"
"-0.2429652","44.8987681","historic"
"-0.2432154","44.9083587","historic"
"-0.3548831","44.7076723","historic"
"-0.3719964","44.7079123","historic"
"-0.2401249","44.9164837","historic"
"-0.2404749","44.9169954","historic"
"-1.1022572","44.7436409","historic"
"0.0631991","44.8583954","historic"
"0.0473199","44.8738831","historic"
"-0.2125712","44.5852938","historic"
"-0.9210741","44.2124407","historic"
"0.2039376","44.8899499","historic"
"-0.8265846","45.517454","historic"
"-0.3832204","44.6997506","historic"
"-0.3890813","44.7172252","historic"
"0.1675066","44.5028264","historic"
"-0.3655704","44.7168575","historic"
"-0.376074","44.7043172","historic"
"-0.1612352","44.738532","historic"
"0.3091877","45.2877244","historic"
"-0.3525811","44.6646874","historic"
"-0.2057466","45.5138138","historic"
"-0.2829001","44.5936695","historic"
"-0.3651272","44.685521","historic"
"0.1254853","44.8134368","historic"
"-0.9378938","45.3082311","historic"
"-0.7278715","44.676692","historic"
"-0.7243471","44.6819455","historic"
"-0.4359642","44.75181","historic"
"-0.4629152","44.7319429","historic"
"-0.4413538","44.725736","historic"
"-0.4051504","44.7221485","historic"
"-0.40126","44.7106007","historic"
"0.0651399","44.4525235","historic"
"-0.3748273","44.6941195","historic"
"-0.4004687","44.7081545","historic"
"0.289343","44.7231933","historic"
"0.2797823","44.7286593","historic"
"-1.1386191","45.374496","leisure"
"-0.0264709","44.6713726","historic"
"-0.021447","44.6806076","historic"
"-0.2193837","44.8243511","historic"
"-0.2122645","44.8217111","historic"
"-0.379315","44.6976513","historic"
"-0.3790518","44.7032869","historic"
"-0.3998821","44.7066405","historic"
"-0.3911059","44.711387","historic"
"-0.3937399","44.7118673","historic"
"-0.3334337","44.7302263","historic"
"-0.3443235","44.735634","historic"
"-0.3195722","44.6354447","historic"
"-0.320114","44.6356088","historic"
"-0.2958882","44.6074611","historic"
"-0.3222751","44.6384219","historic"
"-0.3179619","44.6368834","historic"
"-0.132364","44.7891645","historic"
"-0.0579764","44.6272713","historic"
"-0.2589061","44.7567628","historic"
"-0.2154048","44.7517509","historic"
"-0.4692162","44.7388592","historic"
"-0.4225578","44.727463","historic"
"-0.3115072","44.705813","historic"
"-0.2634641","44.7342905","historic"
"-0.2418802","44.9183816","historic"
"-0.3239529","44.7118841","historic"
"-0.7757641","45.2307746","historic"
"-0.776837","45.2309433","historic"
"-0.7877916","45.2294052","historic"
"-0.8287761","45.2266893","historic"
"-0.8315526","45.2201072","historic"
"-0.1896616","44.9195138","historic"
"0.1548026","44.8249483","historic"
"0.0775911","44.8288808","historic"
"-0.3194086","44.6376447","historic"
"0.1697831","45.2698799","historic"
"0.1693019","45.2706274","historic"
"0.1694221","45.2701488","historic"
"-0.3631883","45.5314059","historic"
"-0.4356549","44.8905211","historic"
"-0.8718672","45.5359539","historic"
"-0.2129241","44.801694","historic"
"-0.5104722","44.691217","historic"
"-0.2871422","44.8188743","historic"
"-1.1510783","45.4447488","historic"
"-1.1508208","45.4448372","historic"
"-1.1510372","45.446068","historic"
"-0.3335543","44.8491124","historic"
"0.1749007","45.2913559","historic"
"0.2812651","45.3198029","historic"
"-0.3125655","44.9470868","historic"
"0.1638122","44.5006505","historic"
"0.2391765","44.7112355","historic"
"0.1833858","44.6758689","historic"
"-0.5770712","44.8380737","historic"
"0.2867605","45.2160132","historic"
"-0.6391072","45.422111","historic"
"-0.5151449","45.3537619","historic"
"0.2876018","44.7914042","historic"
"-0.5860166","44.8267938","historic"
"0.1440973","44.8523822","historic"
"-0.0501253","44.9094178","historic"
"-0.0816003","44.9174903","historic"
"-0.3499232","44.7731073","historic"
"-0.1691832","44.7657598","historic"
"0.0819969","44.9381195","historic"
"0.0386769","44.8989622","historic"
"0.0605363","44.8964977","historic"
"-0.5693928","44.8402427","historic"
"-0.5801502","44.8419393","historic"
"-0.580026","44.8407195","historic"
"-0.5800202","44.8407514","historic"
"-0.5799988","44.8410743","historic"
"-0.5799734","44.8412527","historic"
"-0.5799665","44.841335","historic"
"-0.5799588","44.841406","historic"
"-0.5802871","44.841815","historic"
"-0.5802416","44.8418739","historic"
"-0.5717558","44.8405003","historic"
"-0.5717056","44.8407391","historic"
"-0.5677132","44.8381781","historic"
"-0.5678485","44.8383662","historic"
"-0.5680748","44.8386406","historic"
"-0.5681502","44.838765","historic"
"-0.5683057","44.8389575","historic"
"-0.5684612","44.8391525","historic"
"-0.5642609","44.834884","historic"
"-0.5648423","44.8354076","historic"
"-0.5667363","44.8372484","historic"
"-0.566763","44.8372759","historic"
"-0.56692","44.8374006","historic"
"-0.5669538","44.837443","historic"
"-0.5663195","44.8368189","historic"
"-0.566303","44.8368531","historic"
"0.0921357","44.9472631","historic"
"0.3270488","44.9850045","historic"
"-0.5275213","44.8302918","historic"
"0.0934549","44.5278382","historic"
"0.0933286","44.530261","historic"
"-1.0713924","44.6361774","historic"
"0.2301566","45.1262266","historic"
"-0.7847312","45.4840953","historic"
"-0.5702995","44.8392615","historic"
"-0.5336501","44.8777014","historic"
"-0.282042","44.777009","historic"
"0.1529238","44.8450656","historic"
"0.2559419","45.0360987","historic"
"-1.1103729","45.5288441","historic"
"-1.1095673","45.529708","historic"
"-1.10929","45.5301225","historic"
"-0.5340071","44.6742326","historic"
"-0.5339385","44.9718351","historic"
"-0.6386123","44.7061322","historic"
"-0.6172559","45.5820997","historic"
"-0.6185005","45.5714573","historic"
"-0.5648096","44.8472522","historic"
"-0.566393","44.8334914","historic"
"-0.3119094","44.7692653","historic"
"0.2727884","44.9973255","historic"
"-0.3062817","44.8869329","historic"
"-0.4486216","44.7040334","historic"
"-0.5981111","44.6509024","historic"
"-0.4154821","44.5668937","historic"
"-0.6307558","44.6303249","historic"
"-0.6492732","44.8856092","historic"
"0.0981431","44.4974617","historic"
"-0.0896374","44.5837168","historic"
"-0.4621734","45.0218631","historic"
"-0.6518603","44.874706","historic"
"-0.1738741","44.4810404","historic"
"0.1202262","44.925912","historic"
"-0.5726108","44.8728289","historic"
"0.3070841","44.9300489","historic"
"-0.4974877","44.8972758","historic"
"-0.9072735","45.5338669","historic"
"-0.0288931","44.6193051","historic"
"-0.726635","45.436403","historic"
"-0.2444351","44.7850559","historic"
"-1.1464874","44.3257693","historic"
"-0.3729157","44.5978485","historic"
"-0.047669","44.4273042","historic"
"-0.081115","45.364966","historic"
"-0.2012382","45.4476245","historic"
"-0.0730932","44.748449","historic"
"-0.076646","44.7517823","historic"
"-0.0752927","44.7491338","historic"
"-0.0681527","44.8116619","historic"
"-0.5457589","45.5787518","historic"
"-0.3567358","45.0243735","historic"
"-0.3223458","45.0201957","historic"
"-0.3065412","44.9673799","historic"
"-0.4804048","44.6713715","historic"
"-0.4433911","45.1119484","historic"
"-1.0394313","45.3940554","historic"
"-0.978608","45.4181715","historic"
"-0.7896679","45.0758313","historic"
"-0.9136401","45.379095","historic"
"-0.9381092","45.363696","historic"
"-0.5922337","45.0593298","historic"
"-0.3590814","44.9755965","historic"
"-0.3709606","44.9646524","historic"
"-0.3408632","44.9572749","historic"
"-0.570208","45.0740646","historic"
"0.2190272","44.8104002","historic"
"-0.5608085","45.2680615","historic"
"-0.3144026","44.8975522","historic"
"-0.3348331","44.5897795","historic"
"-0.3351406","44.5900419","historic"
"-1.0930685","44.8728152","historic"
"-0.4880267","44.755118","historic"
"-1.0619228","45.356324","historic"
"-1.0635418","45.5707575","historic"
"-0.2119035","45.4840507","historic"
"-0.7524218","45.1761978","historic"
"-0.817698","45.1991643","historic"
"-0.7729036","45.1767985","historic"
"-0.792225","45.1835725","historic"
"-0.7690996","45.1900374","historic"
"-0.7566786","45.2120098","historic"
"-0.7705337","45.2083485","historic"
"-0.7699173","45.2110788","historic"
"-0.9035465","45.3841434","historic"
"-0.4661235","44.4329467","historic"
"-0.1972212","44.7601214","historic"
"-0.1589103","44.7511731","historic"
"-0.5459393","45.5788116","historic"
"-0.547989","45.5785741","historic"
"-0.433826","45.4451345","historic"
"-0.4621664","45.4499561","historic"
"-0.4584613","45.4495156","historic"
"0.2550073","44.6234612","historic"
"-0.3007903","45.1659727","historic"
"-0.6908454","45.4571339","historic"
"-0.5699207","45.3728201","historic"
"-0.129883","45.0406385","historic"
"-0.1576601","45.1649102","historic"
"-0.6276605","44.7691376","historic"
"0.2685143","44.2056902","historic"
"-0.6424455","44.7603001","leisure"
"0.1813253","44.438363","historic"
"0.0260938","44.4486555","historic"
"0.0280867","44.4496008","historic"
"-1.2972605","44.2164283","historic"
"-0.6655946","44.7668835","leisure"
"0.2763813","44.29192","historic"
"0.2953385","44.4618683","historic"
"0.2940926","44.4604463","historic"
"0.295139","44.4559312","historic"
"0.2595914","44.2053049","historic"
"0.1541504","44.2392137","historic"
"0.3180386","44.2894705","historic"
"0.3077508","44.3397775","historic"
"0.2434367","44.3286555","historic"
"0.322514","44.1973867","historic"
"-0.2861576","45.0836817","historic"
"0.0518193","44.2556331","historic"
"0.0027038","44.4161978","historic"
"0.0271663","44.2725363","historic"
"0.2541579","44.728407","historic"
"0.237007","44.7407967","historic"
"-0.9566416","45.3225914","historic"
"-0.2137106","44.3908318","historic"
"-0.6050168","45.148073","historic"
"-0.5949685","44.83649","historic"
"-0.4106632","45.1400971","historic"
"0.1447691","44.2070443","historic"
"-0.0019786","44.4809275","historic"
"-1.0524942","44.6443741","historic"
"-0.0063567","44.9458066","historic"
"-0.8498319","45.3449154","historic"
"-0.8784925","45.2852243","historic"
"-0.7923782","45.3196928","historic"
"-0.91648","45.3460877","historic"
"-0.9673816","45.4123325","historic"
"-0.971257","45.3624025","historic"
"-0.021408","45.1328126","historic"
"0.1243307","44.3405398","historic"
"0.3291831","44.8066741","historic"
"0.3152869","44.8050166","historic"
"0.0956455","44.3860526","historic"
"0.0967141","44.3931632","historic"
"0.2402675","44.3726192","historic"
"0.0692652","44.4101393","historic"
"0.1229618","45.5570747","historic"
"-0.1085348","45.1448023","historic"
"0.0841057","44.3139849","historic"
"0.0817266","44.7973396","historic"
"-0.03396","44.8347099","historic"
"-0.1042447","44.5436767","historic"
"0.0108697","44.3318227","historic"
"-0.120512","44.8995754","historic"
"-0.1218159","44.8960378","historic"
"0.1510582","44.3693747","historic"
"-0.2676411","44.6645884","historic"
"0.0093646","44.7627583","historic"
"0.1492434","44.4155681","historic"
"0.3077398","44.8072742","historic"
"-0.2969029","44.5357196","historic"
"-0.2986872","44.5355415","historic"
"0.1255597","44.8607645","historic"
"0.0450553","44.7614504","historic"
"0.2551825","44.6227752","historic"
"-0.7006584","44.377322","historic"
"0.0069728","44.7151392","historic"
"-0.0542059","44.2007624","historic"
"0.0089895","44.3519682","historic"
"-0.2620896","44.5586776","historic"
"-1.084513","45.444673","historic"
"-0.882751","44.4827274","historic"
"-1.0218493","44.6359264","historic"
"-0.9591968","45.4079461","historic"
"-0.3540697","44.5621404","historic"
"-0.3030266","44.9293299","historic"
"-0.1462622","44.8471665","historic"
"-0.2829985","44.6982056","historic"
"0.0393563","44.8112415","historic"
"-0.0880397","44.7850002","historic"
"0.0475061","44.321438","historic"
"0.1608772","44.3272504","historic"
"0.0706089","44.3568123","historic"
"-0.0031691","44.2374561","historic"
"0.0301707","44.3625466","historic"
"0.196882","44.3099427","historic"
"0.2733837","44.3633623","historic"
"0.3040904","44.7395307","historic"
"-0.5036937","44.8130386","historic"
"-0.2437017","44.6995325","historic"
"-0.5805585","45.088015","historic"
"0.3295531","44.7410522","historic"
"-0.6307753","44.8035342","historic"
"-0.6143853","44.7736374","historic"
"0.1243408","45.5550086","historic"
"-0.6646624","45.4295238","historic"
"-0.75666","45.5046511","historic"
"-0.5869804","44.855121","historic"
"0.2952869","44.1774129","historic"
"-0.191927","44.9090734","historic"
"0.2357852","44.8588179","historic"
"0.0812072","44.9389981","historic"
"0.0646975","44.8261744","historic"
"0.1369425","45.5650835","historic"
"0.2417035","45.501748","historic"
"0.2665497","45.5541494","historic"
"0.2906927","45.5619169","historic"
"-0.1535061","45.5731173","historic"
"0.1707046","45.2717816","historic"
"-0.6327135","44.7589759","historic"
"-0.6316047","44.759737","historic"
"-0.6310315","44.8070619","historic"
"-0.6258377","44.8045094","historic"
"0.1394505","45.5592165","leisure"
"-0.600021","44.7948414","historic"
"-0.5086501","44.7202447","historic"
"0.1166632","45.5600525","historic"
"-0.5867717","44.8550721","historic"
"-0.4187007","45.0909038","historic"
"0.2979264","44.18233","historic"
"-0.6837812","45.0414124","historic"
"-0.6559623","45.0227736","historic"
"-0.6233371","45.0193728","historic"
"-0.6569277","45.023116","historic"
"-0.16281","44.9003708","historic"
"0.292908","44.20842","historic"
"0.2943952","44.2079259","historic"
"-0.21944","44.3889282","historic"
"-0.4339372","45.3765591","historic"
"-0.1543547","44.8223926","historic"
"-0.5634356","45.4710469","historic"
"-0.3482017","45.4440092","historic"
"-0.6704262","45.5884349","historic"
"-0.7052144","45.5666403","historic"
"-0.2195442","45.1788625","historic"
"-0.212667","45.281513","historic"
"-0.8344808","45.4993913","historic"
"-0.3280288","45.5831508","historic"
"-1.1517293","44.2235717","historic"
"-0.258255","44.3795331","historic"
"-0.834996","45.2026305","historic"
"-1.0468537","45.0780859","historic"
"-1.2053507","44.2202178","historic"
"-0.6868986","45.3887183","historic"
"0.0839418","44.6520268","historic"
"-0.0181789","44.8418614","historic"
"-0.1810286","44.7891846","historic"
"-1.1207944","44.241361","historic"
"0.2895736","44.6279513","historic"
"0.1798428","45.5342572","historic"
"0.0058685","44.6717698","historic"
"-0.2025461","44.3103176","historic"
"-0.884568","44.9646529","historic"
"-1.1220582","45.5144094","historic"
"-0.2170255","44.9479104","historic"
"-0.259228","44.4941777","historic"
"0.0127048","45.5802034","historic"
"-0.502135","44.4921856","historic"
"-0.0681833","44.60975","historic"
"-0.2885797","44.84163","historic"
"-0.0581985","44.6250794","historic"
"0.3316414","44.8364349","historic"
"-0.7188361","45.5504191","historic"
"-0.6763431","45.5725136","historic"
"-0.6300268","45.0760398","historic"
"-1.1468007","44.7950555","historic"
"-0.320967","44.8566049","historic"
"-0.4057881","44.7208837","historic"
"0.2801124","45.5566373","historic"
"-0.4694732","44.9558397","historic"
"-1.1825331","44.6539785","historic"
"-0.5800073","44.8409992","historic"
"-0.5712874","44.8409349","historic"
"-0.5661576","44.8361818","historic"
"-0.693044","44.765591","historic"
"-0.6701141","44.9038341","historic"
"-0.8659418","45.2897343","historic"
"-0.989429","45.5825311","historic"
"-1.1143522","45.5242742","historic"
"-0.6618817","45.0151517","historic"
"-0.3556274","44.650618","historic"
"-0.3420724","44.4098665","historic"
"-0.3340728","44.4078652","historic"
"-0.6701415","44.903978","historic"
"0.0519259","45.5564956","historic"
"0.1638508","45.3777517","historic"
"-0.5827811","44.8154334","historic"
"-0.5812941","44.8126682","historic"
"-0.6363537","45.4408798","historic"
"-0.2751493","45.2409121","historic"
"-0.257083","44.5943007","historic"
"-1.1590415","45.4178454","historic"
"-0.1563527","44.5626512","historic"
"-0.4399144","44.8854896","historic"
"-0.3084357","44.5974929","historic"
"-0.3178936","44.6076367","historic"
"0.270401","45.4292386","historic"
"-0.118919","44.9256436","historic"
"-0.1349389","44.9228708","historic"
"-0.6260921","44.7913056","historic"
"-0.6245013","44.7922541","historic"
"0.3142696","45.1064735","historic"
"-1.128835","45.2151917","historic"
"-0.6707548","44.8416647","historic"
"0.0515494","45.0184968","historic"
"-0.1569884","44.894428","historic"
"0.0781149","44.5137494","historic"
"0.1923559","44.4736836","historic"
"-0.6538745","44.763627","historic"
"0.0367715","44.8273275","historic"
"-0.5639841","44.8346735","historic"
"-0.5640243","44.8347111","historic"
"-0.5642195","44.8348585","historic"
"-0.564765","44.8353333","historic"
"-0.5647998","44.8353628","historic"
"-0.5655549","44.8361072","historic"
"-0.5655938","44.8361238","historic"
"-0.5656742","44.8361005","historic"
"-0.5657916","44.8360962","historic"
"-0.5661055","44.8361795","historic"
"-0.5676868","44.8381365","historic"
"-0.5679041","44.8383925","historic"
"-0.5680272","44.8385884","historic"
"-0.5680513","44.8386141","historic"
"-0.5681345","44.838736","historic"
"-0.568206","44.8387622","historic"
"-0.5682838","44.8389291","historic"
"-0.5684373","44.8391298","historic"
"-0.5687317","44.8395017","historic"
"-0.5707356","44.8412896","historic"
"-0.5705502","44.8411733","historic"
"-0.5704992","44.8411082","historic"
"-0.5704861","44.8410642","historic"
"-0.5704682","44.8410199","historic"
"-0.5703951","44.8409438","historic"
"-0.5702945","44.8409058","historic"
"-0.5707602","44.8413556","historic"
"-0.5705317","44.8419679","historic"
"-0.5706591","44.8419084","historic"
"-0.5707034","44.8418556","historic"
"-0.5707382","44.8418091","historic"
"-0.5707537","44.841761","historic"
"-0.5707315","44.841704","historic"
"-0.5707107","44.8416526","historic"
"-0.570692","44.8416046","historic"
"-0.5707","44.8415062","historic"
"-0.6327546","44.765677","historic"
"-0.5629166","44.8311326","historic"
"-0.57966","44.8419237","historic"
"-0.5797043","44.84184","historic"
"-0.5795871","44.8416139","historic"
"-0.5797106","44.8415962","historic"
"-0.579771","44.8415791","historic"
"-0.5799809","44.8412002","historic"
"-0.5801612","44.8405084","historic"
"-0.5802699","44.8405003","historic"
"-0.5803181","44.840496","historic"
"-0.58041","44.8404893","historic"
"-0.5804402","44.8404836","historic"
"-0.581259","44.8406681","historic"
"-0.5832612","44.8424247","historic"
"-0.5764114","44.8502962","historic"
"-0.5751732","44.841941","historic"
"-0.5717139","44.8406846","historic"
"-0.571734","44.8406061","historic"
"-0.5717427","44.8405548","historic"
"-0.5719272","44.8409147","historic"
"-0.5720076","44.8409214","historic"
"-0.5694108","44.8402772","historic"
"-0.5683483","44.8389094","historic"
"-0.5557208","44.7208851","historic"
"-0.6507438","44.885581","historic"
"-0.5349378","44.8755099","historic"
"-0.5272543","44.8379551","historic"
"-0.5884904","44.8415616","historic"
"-0.5799039","44.8415011","historic"
"-0.2730955","44.5306446","leisure"
"0.2526829","45.2519469","historic"
"-1.1782673","44.6568346","historic"
"-0.9900073","44.8804804","historic"
"-1.1412062","44.8000165","historic"
"-0.5866581","45.004954","historic"
"-0.8357549","45.2509292","historic"
"-0.822726","45.3249771","historic"
"-0.2266413","44.3432253","historic"
"-0.299423","44.5910402","historic"
"-0.3557733","44.6475448","historic"
"-0.3528285","44.6516103","historic"
"-0.491142","44.6498624","historic"
"0.1281877","45.5508894","historic"
"0.0053886","45.5593973","historic"
"-0.540453","44.8023893","historic"
"-0.5425866","44.801275","historic"
"-0.5429857","44.8007673","historic"
"-0.5707218","44.7824552","historic"
"-0.5669301","44.7889945","historic"
"-0.5443979","44.7695964","historic"
"0.1878716","45.4434054","historic"
"0.1876225","45.541055","historic"
"-0.0283282","45.3313847","historic"
"0.1458961","45.5240732","historic"
"0.0292025","45.4969266","historic"
"-0.4348898","44.8255288","historic"
"-0.4321492","44.7386652","historic"
"-0.316671","44.6386945","historic"
"-0.2282655","44.5629002","historic"
"-0.2247043","44.5652616","historic"
"-0.2248015","44.5652219","historic"
"-0.2248981","44.5651885","historic"
"-0.0659694","44.613602","historic"
"-0.0648565","44.6069302","historic"
"-0.0389694","44.5822783","historic"
"-0.0377866","44.581426","historic"
"-0.0881048","44.5358502","historic"
"-0.2093974","44.4325167","historic"
"-0.2112604","44.4321435","historic"
"-0.2110517","44.4317795","historic"
"-0.2116261","44.4312083","historic"
"-0.5234455","45.2690393","historic"
"-0.1234084","44.7316658","historic"
"-0.5995354","45.1651256","historic"
"-0.5661672","45.1634378","historic"
"-0.444204","45.2464717","historic"
"-0.2425037","44.9337904","historic"
"-0.0799363","44.9072852","historic"
"-0.0544564","44.892139","historic"
"-0.0434138","44.9353811","historic"
"-0.1243983","45.016906","historic"
"-0.3293769","44.9505761","historic"
"-0.4557115","45.0092279","historic"
"-0.5341724","44.9744943","historic"
"-0.2163506","44.8181979","historic"
"-0.1986846","44.7704033","historic"
"0.0857766","44.8309654","historic"
"0.2216241","44.8395876","historic"
"-0.1004447","44.6552997","historic"
"-0.1857854","45.216118","historic"
"-0.7400818","44.7555478","historic"
"-0.4632202","44.7803139","historic"
"-0.2613467","45.5888791","historic"
"-0.2423293","45.5861467","historic"
"-0.0022469","44.8215783","historic"
"0.2496943","44.7618211","historic"
"-0.3810487","44.6661316","historic"
"0.2480612","45.4771784","historic"
"-0.8169904","44.8631375","historic"
"-0.7801862","44.8117942","historic"
"-0.2043262","44.8392615","historic"
"-0.8354769","45.2498679","historic"
"-0.3718172","44.4574783","historic"
"-0.4236013","44.6949615","historic"
"-0.3087935","44.5975055","historic"
"-0.6299651","44.8118828","historic"
"-0.6207854","44.8596355","historic"
"-1.2282454","44.2020403","historic"
"-0.0901997","44.8835147","historic"
"-0.1181187","44.8835879","historic"
"-0.4657271","45.313269","historic"
"-0.6209402","44.860018","historic"
"-0.3373122","45.0582149","historic"
"-0.3821294","45.424664","historic"
"-0.349174","45.4430509","historic"
"-0.3489805","45.4433854","historic"
"-0.4798926","45.4740566","historic"
"-0.3418263","45.3553459","historic"
"-0.4803984","44.7101033","historic"
"-0.6298364","44.838873","historic"
"-1.0266687","44.6766409","historic"
"-0.8702394","44.5509592","historic"
"0.3301559","45.0563923","historic"
"-0.5577707","44.7619101","historic"
"-0.5561212","44.7572706","historic"
"-0.5270699","44.7835128","historic"
"-0.8220796","45.1509857","historic"
"-0.5646783","45.1775438","historic"
"-0.2308232","44.6744626","historic"
"-0.4250336","45.2992345","historic"
"-0.3889785","45.3033118","historic"
"-0.6401993","44.4926463","historic"
"-0.1812637","44.5587735","historic"
"-0.5717108","44.7828198","historic"
"-0.554654","44.8412806","historic"
"-0.4920292","45.038998","historic"
"-0.6103423","44.8652987","historic"
"-0.6085695","44.8685756","historic"
"-0.6184075","44.8673752","historic"
"-0.5940009","44.8666429","historic"
"-0.5996728","44.863556","historic"
"-0.2666633","45.5709898","historic"
"-0.5547435","44.6055618","historic"
"-0.5935316","44.5696369","historic"
"-0.653251","44.8462887","historic"
"-0.7203917","45.461171","historic"
"-0.7536954","44.4126459","historic"
"-0.7834364","44.4020924","historic"
"-0.7610352","44.3582047","historic"
"-0.569923","44.8482543","historic"
"-1.1519042","44.5380978","historic"
"-0.5022611","44.5480772","historic"
"-0.5672684","44.5122125","historic"
"-0.4904634","44.4271354","historic"
"-0.3222272","44.4443971","historic"
"-0.356944","44.5579729","historic"
"-0.531733","45.4088011","historic"
"-0.6853845","44.3763933","historic"
"-0.64647","44.3660281","historic"
"-0.5809357","44.3229069","historic"
"-0.777913","44.3081843","historic"
"-0.8775933","44.3190527","historic"
"-0.8546886","44.3550423","historic"
"-0.5928277","44.8376667","historic"
"-0.5630939","44.8283366","historic"
"-0.5998838","44.7293246","historic"
"-0.1558512","44.8932945","historic"
"-0.3681211","44.5124229","historic"
"-1.2248583","44.2168668","leisure"
"-0.444257","44.4880742","historic"
"-1.1810517","44.6611948","historic"
"-0.3431477","44.5340121","historic"
"-0.3849171","44.5335193","historic"
"-0.3047419","44.6595021","historic"
"0.1114065","44.6734017","historic"
"-1.0355325","44.7023999","historic"
"0.2540821","44.7286074","historic"
"-0.1412808","44.8825874","historic"
"-0.3835733","45.0677734","historic"
"-0.0945354","45.0162165","historic"
"-0.6114804","44.8329784","leisure"
"-0.6373042","45.2115253","historic"
"0.1491357","44.675111","leisure"
"-0.9858493","44.2296593","historic"
"-0.6568489","44.8636163","historic"
"-0.6575327","44.8857429","historic"
"-0.653507","44.8810209","historic"
"-0.6298831","44.8829334","historic"
"-0.9386712","44.6054811","historic"
"0.0830654","44.6495366","leisure"
"-0.5242279","44.8615431","historic"
"-0.6440451","44.8680893","historic"
"-0.8807838","44.6944238","historic"
"-0.8533126","44.691986","historic"
"-0.8134992","44.7085107","historic"
"-0.8164705","44.7079526","historic"
"0.3353795","45.242713","historic"
"0.2064629","44.6486011","historic"
"-0.5202253","45.1146833","historic"
"-1.0756932","44.4832473","historic"
"-0.6579097","44.5259373","historic"
"-0.6130509","44.8817821","historic"
"-0.4926233","45.3842389","historic"
"-0.5159786","44.4233623","historic"
"-1.0154812","44.6843962","historic"
"-1.0158867","44.6843184","historic"
"-1.0191675","44.6359045","historic"
"-0.4471725","44.9708363","historic"
"-0.3852322","45.1369903","historic"
"-0.5740455","44.841496","historic"
"-0.4042454","45.1169395","historic"
"-0.4302109","44.8812736","leisure"
"-0.6699071","44.9548035","historic"
"-0.5728009","44.8449355","historic"
"-0.5730405","44.8462393","historic"
"-1.1400747","44.7605596","historic"
"-1.0723334","44.7208096","historic"
"-1.0702145","44.7164981","historic"
"0.2693582","45.4286592","historic"
"-0.5028713","44.6500628","historic"
"-0.2927309","45.472232","historic"
"-0.5393076","44.7115298","historic"
"-0.5513152","44.7191145","historic"
"-0.5502915","44.7566563","historic"
"-0.2981228","44.6230582","historic"
"-1.2043704","44.2190329","historic"
"-0.9631018","44.3284478","historic"
"-0.380289","45.3853279","historic"
"-0.5708231","44.8421984","historic"
"-0.628695","45.2492429","historic"
"0.0791962","44.3581","historic"
"-1.2103911","44.6020327","historic"
"0.1377558","45.4955856","historic"
"-0.2151507","44.5698723","historic"
"-0.2101558","45.3976952","historic"
"0.1307282","45.3982136","historic"
"-0.3657044","44.9210461","historic"
"-0.0899854","44.8153039","historic"
"-0.1405967","44.812465","historic"
"-0.1298042","45.040579","historic"
"-0.1856384","45.0412367","historic"
"-0.0315186","44.8785753","historic"
"-0.090943","44.9663844","historic"
"-0.3326348","44.9508841","historic"
"-0.0646627","44.8979052","historic"
"-0.5097715","44.6777018","historic"
"-0.1454254","44.4954091","historic"
"-0.5306764","44.7555993","historic"
"-0.1077671","44.522456","historic"
"-0.6389382","44.8448499","historic"
"-0.6052469","44.9817681","leisure"
"-0.0977757","45.4781605","historic"
"0.2893391","45.0803664","historic"
"0.3290158","45.0567235","historic"
"-0.370546","45.2127818","historic"
"-0.3903935","45.248011","historic"
"-0.6776921","44.8733612","historic"
"-0.2271747","45.1816259","historic"
"-0.2064782","45.1294301","historic"
"-0.2333098","45.2301206","historic"
"-0.4384115","45.3720912","historic"
"-0.4384254","45.3721512","historic"
"-0.5951821","45.3954537","historic"
"-0.5945447","45.4175978","historic"
"0.3288241","45.092142","historic"
"-0.567757","45.4668773","historic"
"-0.5987993","45.4881737","historic"
"-0.667499","45.5126731","historic"
"-0.5603023","45.5360135","historic"
"-0.5229109","45.5055137","historic"
"-0.3143847","45.51487","historic"
"-1.0983362","45.5062202","historic"
"0.2425815","45.1929648","historic"
"-0.0812372","45.5385116","historic"
"-0.3040428","45.5207671","historic"
"-0.1837111","44.7550523","historic"
"-0.1683069","44.7097577","historic"
"-0.079581","44.4179817","historic"
"-1.0737829","44.3492377","historic"
"-0.0679068","44.6275613","historic"
"0.0321415","44.5192703","historic"
"0.0611229","44.5588505","historic"
"0.1532507","44.8747649","historic"
"-0.2014463","44.9315517","historic"
"-0.2248058","45.036062","historic"
"-0.4356566","44.8204107","historic"
"-0.4752244","44.9069793","historic"
"-0.6320011","44.9094143","historic"
"-0.7556013","45.0350526","historic"
"-0.6997723","45.0562671","historic"
"-0.617926","45.0644689","historic"
"-0.5805423","45.0879164","historic"
"-0.5175913","45.0926104","historic"
"-0.7407483","45.1652615","historic"
"-0.8986839","45.3378464","historic"
"-0.893904","45.3570788","historic"
"-0.8960835","45.396097","historic"
"-1.0578124","45.4731997","historic"
"-1.0638483","45.5435418","historic"
"-0.2657923","44.6169949","historic"
"-0.0461457","44.44911","historic"
"-0.1292646","44.4369556","historic"
"-0.242625","44.4702943","historic"
"-0.5180532","44.2654792","historic"
"-0.1601026","44.3284643","historic"
"-0.2616009","44.2919874","historic"
"-0.5036389","45.4931807","historic"
"0.2193314","44.5061095","historic"
"-0.2256497","45.267088","historic"
"-1.06953","44.3544147","historic"
"-0.1565042","45.5517937","historic"
"0.0097354","45.4176006","historic"
"0.247865","44.6950198","historic"
"0.262077","44.7392172","leisure"
"0.3177931","44.6040595","historic"
"0.194727","44.740994","historic"
"0.2312601","44.7912734","historic"
"-1.1216223","44.4700655","leisure"
"0.3410932","44.6477391","historic"
"-0.2384482","44.9173271","historic"
"-0.5607701","44.8702964","historic"
"-0.5607624","44.8494402","historic"
"-0.611203","44.8794774","historic"
"-0.5712038","44.8311356","historic"
"-0.5923986","44.8734179","historic"
"-0.5917756","44.8764558","historic"
"0.0054742","45.3147628","historic"
"0.3275882","44.7734538","historic"
"-1.1590907","45.3781706","historic"
"-0.2901748","44.4015994","historic"
"0.3197335","45.288637","historic"
"-0.520847","44.835501","historic"
"-0.6280557","45.5650441","historic"
"-0.6789745","45.3681257","historic"
"-0.6240713","45.3865014","historic"
"-0.6253153","45.3869209","historic"
"-0.6465116","45.374621","historic"
"-0.6464744","45.3753445","historic"
"-0.7041333","45.4341418","historic"
"-0.471879","45.3850485","historic"
"-0.2725916","44.9231281","historic"
"-0.4762319","45.5216365","historic"
"-0.4195692","45.3393707","historic"
"-0.417316","45.5034982","historic"
"-0.3611208","44.9351739","historic"
"-0.0404328","45.1226774","historic"
"-0.5431771","44.7742795","historic"
"-0.5429748","44.7746867","historic"
"-0.1484511","45.1170313","historic"
"-0.2335453","45.3022904","historic"
"-0.542863","45.140016","historic"
"-0.1356755","44.6356258","historic"
"-0.2564321","45.2451322","historic"
"-0.2661587","45.241802","historic"
"-1.1437584","44.3257263","historic"
"-0.3623016","45.5814235","historic"
"-0.5304871","44.849168","historic"
"-1.1395434","44.7671318","historic"
"-0.751334","44.2145132","historic"
"-0.3801345","44.3412831","historic"
"-0.4539079","44.3688143","historic"
"-0.8230866","44.2109109","historic"
"0.3212368","44.8467475","leisure"
"-0.1257414","45.1907718","historic"
"-0.6157099","44.8618875","historic"
"-0.3212235","44.9877351","historic"
"-0.4754216","45.1503661","leisure"
"-1.0857459","45.2245997","leisure"
"-0.5386233","45.3144267","historic"
"-0.3090616","45.2568231","historic"
"-0.3097729","45.5674381","historic"
"-0.7243325","44.912139","historic"
"-0.5965461","44.8366672","historic"
"-0.5959697","44.8367137","historic"
"-0.5954942","44.8368347","historic"
"-0.4843111","45.5703618","historic"
"-0.5099904","45.5531369","historic"
"-0.3987222","45.5179165","historic"
"-0.3399241","44.9909739","historic"
"-0.2851127","45.5076155","historic"
"-0.3340774","45.4720615","historic"
"0.3386378","45.2480452","historic"
"0.298852","44.180741","historic"
"0.3183473","45.1467225","historic"
"-0.6051519","44.9488902","historic"
"0.2874932","44.1697635","historic"
"-0.0965069","44.25089","historic"
"-0.1463374","44.309795","historic"
"-0.1129485","44.282016","historic"
"-0.463339","44.8474226","historic"
"-1.2426392","44.6520954","historic"
"0.2291726","44.1918355","historic"
"0.2892964","44.2596978","historic"
"-0.9828095","44.6456034","historic"
"-1.2103867","44.6019931","historic"
"-0.586462","44.8393224","historic"
"-0.2435484","44.9169678","historic"
"-0.6620765","45.1276014","historic"
"-1.1503495","44.6164198","historic"
"-1.0573739","45.1857067","historic"
"0.3423619","44.3106962","historic"
"-0.8536994","44.6525273","historic"
"0.0323758","45.2056202","historic"
"-0.4925274","45.0326392","historic"
"-0.207418","44.954043","historic"
"-0.2542297","45.2693102","historic"
"-0.2796028","45.2835261","historic"
"-0.2913204","45.2976078","historic"
"-0.3263889","45.313839","historic"
"-0.3715601","45.3240841","historic"
"0.0591159","44.9483694","historic"
"-0.3546842","45.3237721","historic"
"0.0564176","45.4198523","historic"
"0.0680405","45.423094","historic"
"-0.4397169","44.850811","historic"
"-1.1659597","45.2689458","historic"
"0.0329965","44.1949995","historic"
"-0.5355846","45.4516918","historic"
"-0.5983812","45.5170543","historic"
"-0.7285028","44.8641879","leisure"
"0.2123089","44.2583142","historic"
"0.2025155","44.2580025","historic"
"-0.744912","45.493673","historic"
"-0.7490745","45.4775679","historic"
"-0.3219965","44.6421329","historic"
"-0.5422559","45.5810317","leisure"
"-0.9579168","45.5612684","historic"
"-0.1371333","45.4080369","historic"
"-0.1861007","45.2180661","historic"
"-0.186143","45.2180874","historic"
"-0.4318182","45.4453614","historic"
"-0.4364253","45.4412873","historic"
"0.0580765","44.8372304","historic"
"-0.553266","45.5246961","historic"
"-0.2278196","44.563762","historic"
"0.0585379","44.6935143","historic"
"-0.5455158","44.8579642","leisure"
"-0.0422094","44.8522071","historic"
"-0.0428368","44.8523993","historic"
"-0.7152863","45.0961365","historic"
"0.2762897","44.6391929","historic"
"-0.3404131","44.9906336","historic"
"-0.3979778","44.8424236","historic"
"-0.3762114","45.4404907","historic"
"-0.5172931","45.0399963","historic"
"-0.239104","45.5293869","historic"
"-0.1538407","44.6670293","historic"
"-0.3575921","44.8371213","historic"
"-0.1816073","44.5540339","historic"
"-1.0653312","45.5660759","historic"
"0.1067585","44.8589425","historic"
"-0.482175","45.344758","historic"
"-0.3377656","45.3792692","historic"
"-0.3736821","45.4773436","historic"
"-0.3603426","45.4788314","historic"
"-0.4032865","45.4785106","historic"
"-0.2803723","45.4186177","historic"
"-0.2991065","45.4430962","historic"
"-0.6135718","44.7963588","leisure"
"-0.1360016","45.5113333","historic"
"-0.8527414","45.1994526","historic"
"-0.5615038","44.8310495","historic"
"-0.7441926","45.1749075","historic"
"-0.7649489","45.2219953","historic"
"-0.4717382","44.9285803","historic"
"-0.4326396","45.4477608","historic"
"-0.5171511","44.8997706","historic"
"-1.2525538","44.6211229","historic"
"-0.5840821","44.8198747","historic"
"-0.5075095","45.2341965","historic"
"0.0769009","44.7425907","historic"
"-0.2621087","45.2269574","historic"
"-0.5713948","44.7901677","historic"
"-1.008282","44.6862096","historic"
"-0.4424218","45.4473045","historic"
"-0.440612","45.4390555","historic"
"-0.4332681","45.4451463","historic"
"-0.3379615","45.5719318","historic"
"0.3403526","45.2467623","historic"
"-0.5344999","44.9529458","historic"
"-0.5561394","44.8264545","historic"
"-0.5562601","44.8266166","historic"
"-0.5562113","44.8267473","historic"
"-0.5562202","44.8267199","historic"
"-0.0506386","44.698692","historic"
"0.0922742","45.5898847","historic"
"-0.0975899","44.9060184","historic"
"-0.5304064","44.8567704","historic"
"-0.1825841","45.2192479","historic"
"-0.490695","45.3291758","historic"
"-0.4984911","44.8586287","historic"
"-0.4505677","45.335709","historic"
"-0.5786222","44.8488363","leisure"
"-0.6321087","44.8543627","leisure"
"-0.6146279","44.8513525","leisure"
"-0.5866516","44.8552","leisure"
"-0.6303375","44.8028461","leisure"
"-0.656839","44.8555907","leisure"
"-0.6560073","44.8543674","leisure"
"-0.6458674","44.8479731","leisure"
"-0.5805566","44.8410764","leisure"
"-0.6258496","44.8044901","leisure"
"-0.6279738","44.796821","leisure"
"-0.6326989","44.8025971","leisure"
"-0.5625594","44.8468125","leisure"
"-0.6078758","44.8365252","leisure"
"-0.5364388","44.842327","leisure"
"-0.5253283","44.8306752","leisure"
"-0.5821","44.8249808","leisure"
"-0.6437038","44.9006531","leisure"
"-0.5982936","44.8263388","leisure"
"-0.6067791","44.769568","leisure"
"-0.6009789","44.8145356","leisure"
"-0.6106491","44.7609962","leisure"
"-0.6061315","44.7651981","leisure"
"-0.6371602","44.860154","leisure"
"-0.622108","44.7675606","leisure"
"-0.6365825","44.7614985","leisure"
"-0.6290971","44.7640775","leisure"
"-0.6187156","44.7742447","leisure"
"-0.6451154","44.7592465","leisure"
"-0.5468008","44.8111436","leisure"
"-0.5425444","44.8059338","leisure"
"-0.544375","44.6791775","historic"
"-0.5563448","44.8396614","leisure"
"-0.5361534","44.8587766","leisure"
"-0.5449323","44.8442429","leisure"
"-0.5322286","44.845479","leisure"
"-0.6673624","44.7981007","leisure"
"0.3381845","45.249533","leisure"
"0.3386176","45.2475032","leisure"
"-0.6304205","44.7927054","leisure"
"-0.5910547","44.8133725","leisure"
"-0.6449395","44.8125139","leisure"
"-0.6313514","44.8184677","leisure"
"-0.5241075","44.8759715","leisure"
"-0.5820594","44.8377986","leisure"
"-0.341359","44.7075719","historic"
"-0.3446903","44.7133865","historic"
"-0.4121278","45.284589","historic"
"-0.560299","44.8611031","leisure"
"-0.6215653","44.8536295","leisure"
"-0.560756","44.8336123","leisure"
"-0.674019","44.7938893","leisure"
"0.0461555","45.2724492","leisure"
"-0.5848967","44.8077389","leisure"
"-0.6175809","44.7993056","leisure"
"-0.6103646","44.7990334","leisure"
"-1.2252634","44.2166655","leisure"
"-0.5776031","44.819223","leisure"
"-0.4311567","45.4458192","historic"
"-0.4310651","45.4453867","historic"
"-1.2353426","44.6978177","leisure"
"-0.9764846","44.6406788","leisure"
"-0.5176348","44.8617789","leisure"
"-0.5083697","44.8663687","leisure"
"-0.5246186","44.8526778","leisure"
"-1.172763","44.6581683","leisure"
"-0.8305799","45.5838356","leisure"
"-0.6569911","44.7673145","leisure"
"-0.7022905","45.1112538","historic"
"-0.5714441","44.839443","leisure"
"-0.5899024","44.8087228","leisure"
"-0.6069652","44.8403235","leisure"
"-0.4679785","44.9527545","historic"
"-0.157653","45.473112","historic"
"-0.7376654","44.911588","leisure"
"-0.5372431","44.8388042","leisure"
"-0.610317","44.8660389","leisure"
"-0.5601986","44.8310687","leisure"
"-1.1760909","44.6560678","leisure"
"-0.3719945","44.4574461","leisure"
"-0.4483276","45.3975039","historic"
"-0.7658574","44.8916868","historic"
"-1.0900985","44.6161083","leisure"
"-1.0981482","44.7408081","leisure"
"-0.6301023","44.9011917","historic"
"-0.61684","44.8853412","leisure"
"-0.5961467","44.864994","leisure"
"-0.7141726","44.89587","historic"
"-0.5771482","44.8247628","leisure"
"-1.1972643","45.0014098","leisure"
"-0.3784765","45.2859624","historic"
"-0.223546","45.1838674","historic"
"0.3373593","44.3017496","historic"
"-0.2139779","45.2140568","historic"
"-1.0856382","45.1848267","leisure"
"0.2758428","44.4914343","historic"
"-0.5849922","44.7687828","leisure"
"0.2165459","44.3813307","historic"
"0.2517044","44.3831049","historic"
"-0.5843532","44.7626072","leisure"
"-0.5858111","44.7656973","leisure"
"-0.5864996","44.7677031","leisure"
"-0.5871061","44.7693197","leisure"
"-0.5849863","44.7639243","leisure"
"-0.5833552","44.7650443","leisure"
"-0.6994085","44.8805317","leisure"
"0.0445855","45.2603196","historic"
"0.0379117","45.2734119","historic"
"0.3165643","45.4227902","historic"
"0.0555707","44.9183324","historic"
"0.2166579","44.8416837","historic"
"0.216509","44.8419615","historic"
"0.2179476","44.8421708","historic"
"-1.0987474","44.7408686","historic"
"-0.8412498","45.5661907","historic"
"-0.8416205","45.5658009","historic"
"-0.2651331","45.5862436","historic"
"-0.2504694","45.5891621","historic"
"-0.2608335","45.5901668","historic"
"-0.5530284","44.8416174","historic"
"-0.1849908","45.5824693","historic"
"-0.1825963","45.5579275","historic"
"-0.2250871","44.5329747","historic"
"-0.9531918","45.5539747","historic"
"-0.5146665","44.7916778","historic"
"-0.4978474","44.7968896","historic"
"-0.5553164","44.828524","historic"
"-0.5724731","44.8148592","historic"
"-0.2130404","44.9141606","historic"
"-0.2311705","44.9331291","historic"
"-0.2352447","44.9320958","historic"
"-0.5549336","44.8228404","leisure"
"-0.5775147","44.8445018","historic"
"-0.5775952","44.8445273","historic"
"-0.5777494","44.8447122","historic"
"-0.5772807","44.8449994","historic"
"-0.5774242","44.8450144","historic"
"-0.5724253","44.8408501","historic"
"-0.5720928","44.8404456","historic"
"-0.5687648","44.8394599","historic"
"-0.569864","44.840682","historic"
"-0.5680284","44.8385219","historic"
"-0.5724226","44.8407826","historic"
"-0.5679808","44.8384741","historic"
"-0.5717675","44.8409334","historic"
"-0.5690322","44.8398457","historic"
"-0.5720007","44.8404001","historic"
"-0.5688456","44.8395661","historic"
"-0.5684398","44.8390385","historic"
"-0.5686429","44.8393007","historic"
"-0.5681555","44.8386694","historic"
"-0.573977","44.8419726","historic"
"-0.5685552","44.8391873","historic"
"-0.5695215","44.8403293","historic"
"-0.5681799","44.8386986","historic"
"-0.5718495","44.8409349","historic"
"-0.5689754","44.8397686","historic"
"-0.5724181","44.8406919","historic"
"-0.5721976","44.8404146","historic"
"-0.568577","44.8392168","historic"
"-0.569398","44.8401543","historic"
"-0.5678228","44.8382725","historic"
"-0.567944","44.8384293","historic"
"-0.5743422","44.8419423","historic"
"-0.5677939","44.8382254","historic"
"-0.5721241","44.8409363","historic"
"-0.5689133","44.8396451","historic"
"-0.5723125","44.8405","historic"
"-0.569572","44.8394547","historic"
"-0.5766143","44.8376039","historic"
"-0.5806709","44.8404485","historic"
"-0.580562","44.8404399","historic"
"-0.5798928","44.8411457","historic"
"-0.5799227","44.8408092","historic"
"-0.5799256","44.8408799","historic"
"-0.5665025","44.8366385","historic"
"-0.5665967","44.8368449","historic"
"-0.5674986","44.83789","historic"
"-0.566554","44.8370422","historic"
"-0.566606","44.8370829","historic"
"-0.5672809","44.8377","historic"
"-0.5673888","44.8377956","historic"
"-0.566434","44.8365003","historic"
"-0.5665162","44.8366872","historic"
"-0.566506","44.8369972","historic"
"-0.5663895","44.8367903","historic"
"-0.5666182","44.8364075","historic"
"-0.5665119","44.8365101","historic"
"-0.5673347","44.8377471","historic"
"-0.5664835","44.8365767","historic"
"-0.5665465","44.8368033","historic"
"-0.5669112","44.8372477","historic"
"-0.5671207","44.8375553","historic"
"-0.5672258","44.8376521","historic"
"-0.5667278","44.8371839","historic"
"-0.5671782","44.8376101","historic"
"-0.5666091","44.8365224","historic"
"-0.5664885","44.8367403","historic"
"-0.5666928","44.837153","historic"
"-0.5667113","44.8363785","historic"
"-0.5674432","44.8378426","historic"
"-0.5669033","44.8373377","historic"
"-0.5666706","44.8370986","historic"
"-0.5815514","44.8302535","leisure"
"-0.1266249","44.7805051","historic"
"-0.1283753","44.7787746","historic"
"-0.2634295","45.4999059","historic"
"-0.7021445","45.110887","historic"
"-0.7025261","45.1115947","historic"
"-0.2407426","44.9140481","leisure"
"-0.2414396","44.9107314","leisure"
"-0.2346038","44.9140937","leisure"
"-0.7215068","44.8878373","historic"
"-0.2245715","44.5644605","historic"
"-0.257307","44.8932875","historic"
"-0.5091878","44.8584005","leisure"
"-0.525804","44.8615445","historic"
"-0.5236385","44.848127","historic"
"-0.5297071","44.8784129","historic"
"-0.5316304","44.8673788","historic"
"-0.6069943","44.8076479","leisure"
"-0.2432936","44.9083707","leisure"
"-0.6659338","45.1291207","historic"
"-0.6375385","44.7704936","leisure"
"-0.6946046","44.9137896","historic"
"-0.6611949","44.9064173","historic"
"-0.6762531","44.8949776","historic"
"-0.6527213","44.9057063","historic"
"-0.7384153","44.9154638","historic"
"-0.6171245","44.9784949","historic"
"-0.617052","44.9786859","historic"
"-0.6176602","44.978603","historic"
"-0.6177194","44.9789224","historic"
"-0.6182339","44.9785431","historic"
"-0.6087525","44.9675169","historic"
"-0.7019114","44.8698112","historic"
"-0.7174248","44.888893","historic"
"-0.704638","44.8868708","historic"
"-0.8843383","44.9659078","leisure"
"-0.6292919","44.906053","historic"
"-0.704334","44.8710609","leisure"
"-0.5730976","44.83472","historic"
"-1.1467036","44.629102","leisure"
"-0.564936","44.8354754","historic"
"-0.5651295","44.8356502","historic"
"-0.5643808","44.834887","historic"
"-0.5655786","44.8360316","historic"
"-0.5654107","44.8358969","historic"
"-0.5660593","44.8361015","historic"
"-0.5642068","44.8347993","historic"
"-0.5646121","44.8351324","historic"
"-0.5653817","44.8358734","historic"
"-0.5650776","44.835603","historic"
"-0.5649779","44.8355141","historic"
"-0.5650242","44.8355569","historic"
"-0.5647334","44.8351782","historic"
"-0.5648134","44.8352489","historic"
"-0.564549","44.835073","historic"
"-0.5641557","44.8346844","historic"
"-0.5643957","44.8349452","historic"
"-0.5659746","44.8361019","historic"
"-0.5655188","44.8359806","historic"
"-0.5652363","44.8357465","historic"
"-0.5654563","44.8359318","historic"
"-0.5646619","44.8351693","historic"
"-0.564158","44.8347612","historic"
"-0.5651811","44.8356963","historic"
"-0.5661854","44.8361259","historic"
"-0.5647776","44.8352194","historic"
"-0.5653371","44.8358377","historic"
"-1.170643","44.6609722","leisure"
"-0.5713033","44.8484815","historic"
"-0.5721514","44.8486067","historic"
"-0.5813014","44.840386","historic"
"-0.4872005","44.774739","historic"
"-0.474458","44.7731705","historic"
"-0.4657595","44.765226","historic"
"-0.490553","44.766775","historic"
"-0.472879","44.768133","historic"
"-0.4769205","44.773016","historic"
"-0.524686","44.830726","historic"
"-0.517816","44.8240435","historic"
"-0.5151165","44.8259995","historic"
"-0.5578606","44.8303896","historic"
"-0.6306974","44.9165151","historic"
"-0.63206","44.9112434","historic"
"-0.6098712","44.9075185","historic"
"-0.6339815","44.9118906","historic"
"-0.6438019","44.9053366","historic"
"-0.6295102","44.9086659","historic"
"-0.6286391","44.923158","historic"
"-0.6353627","44.9316722","historic"
"-0.646862","44.9128164","historic"
"-0.6426744","44.9203669","historic"
"-0.6540557","44.9326476","historic"
"-0.6319307","44.9275861","historic"
"-0.6380077","44.92987","historic"
"-0.6295625","44.9200933","historic"
"-0.6061355","45.4534775","historic"
"-0.563699","45.4709485","historic"
"-0.7111675","45.472263","historic"
"-0.7046574","45.433898","historic"
"-0.5538883","45.4406235","historic"
"-0.5456925","45.5785015","historic"
"-0.547675","45.57817","historic"
"-0.536938","45.5687435","historic"
"-0.2922964","44.8876515","historic"
"-0.7293525","45.541882","historic"
"-0.2604013","44.5790706","leisure"
"-0.6947109","44.9710238","historic"
"-0.081604","45.365012","historic"
"0.099499","45.2339906","historic"
"0.129082","45.3999265","historic"
"-0.5627236","44.8310696","historic"
"-0.5623144","44.8310311","historic"
"-0.5629193","44.8319695","historic"
"-0.5626418","44.8310609","historic"
"-0.5612521","45.038931","historic"
"-0.5617112","45.039178","leisure"
"-0.0648965","45.342245","historic"
"0.1461195","45.4048227","historic"
"-0.0471151","45.4396552","historic"
"-0.1948682","45.3475336","historic"
"-0.437103","44.5864085","historic"
"-0.3722778","44.5572359","historic"
"-0.3340156","44.6350866","historic"
"-0.3585802","44.6566463","historic"
"-0.3816282","44.6552861","historic"
"-0.5845795","44.784434","historic"
"-0.57478","44.7708255","historic"
"-0.5668065","44.759538","historic"
"-0.5658795","44.7729475","historic"
"-0.553051","44.770333","historic"
"-0.5534975","44.7829075","historic"
"-0.573187","44.778752","historic"
"-0.578742","44.7877615","historic"
"-0.5832175","44.7897585","historic"
"-0.5386988","44.7845769","historic"
"-0.5629925","44.7620485","historic"
"-0.5669455","44.757528","historic"
"-0.54502","44.7803375","historic"
"-0.4308126","44.6960829","historic"
"-0.4240435","44.6914343","historic"
"-0.4267062","44.6988501","historic"
"-0.3571994","44.5578547","historic"
"-0.2966546","44.5650144","historic"
"-0.6022265","45.1903275","historic"
"-0.3583052","44.6561546","leisure"
"-0.765901","44.6045264","historic"
"-0.2466435","44.846175","historic"
"-0.4617645","44.6977055","historic"
"0.3267074","44.8009879","historic"
"-0.458607","44.692908","historic"
"-0.4883695","44.726845","historic"
"-0.2686585","44.9635964","historic"
"-0.3372608","44.5499168","historic"
"-0.3513351","44.5418046","historic"
"-0.3447466","44.5475833","historic"
"0.0717025","44.80611","historic"
"0.2183629","44.8385652","leisure"
"-0.6170286","44.882471","historic"
"-0.6120101","44.881596","historic"
"-0.604663","44.8849965","historic"
"-0.5719695","44.8496265","historic"
"-0.3972365","44.8429177","leisure"
"-0.5895125","44.8538025","historic"
"-0.610646","44.8658295","historic"
"-0.5932825","44.860891","historic"
"-0.6031305","44.862976","historic"
"-0.5821645","44.8494895","historic"
"-0.5775815","44.846226","historic"
"-0.585335","44.845732","historic"
"-0.5807035","44.8418415","historic"
"-0.580147","44.8420595","historic"
"-0.580513","44.846385","historic"
"-0.5916205","44.8476345","historic"
"-0.58062","44.8418885","historic"
"-0.581042","44.8417825","historic"
"-0.5799501","44.8425615","historic"
"-0.580483","44.8418975","historic"
"-0.5818615","44.844366","historic"
"-0.5797911","44.8427195","historic"
"-0.5807665","44.841787","historic"
"-0.5814435","44.8409845","historic"
"-0.5812935","44.8405755","historic"
"-0.58135","44.8413825","historic"
"-0.582912","44.821484","historic"
"-0.5611685","44.827317","historic"
"-0.5918915","44.826068","historic"
"-0.604302","44.8419765","historic"
"-0.5998915","44.8406635","historic"
"-0.5957265","44.8515655","historic"
"-0.612377","44.859936","historic"
"-0.620066","44.851235","historic"
"-0.6244485","44.8487445","historic"
"-0.60565","44.844559","historic"
"0.1610972","44.5044908","leisure"
"-0.183892","44.6693673","historic"
"-0.6351498","45.1013757","historic"
"-0.6569674","45.1162107","historic"
"-0.534799","44.8077235","historic"
"-0.3933087","44.6770999","historic"
"-0.5920675","45.2950425","historic"
"-0.8022282","45.0222754","leisure"
"-0.0390975","44.5839275","historic"
"-0.0392205","44.582773","historic"
"-0.0394305","44.5821295","historic"
"-0.0433635","44.581227","historic"
"-0.4498125","44.994358","historic"
"-0.4521435","45.037546","historic"
"-0.3506587","44.9322831","historic"
"-0.5113011","44.9206931","historic"
"-0.5055915","44.962482","historic"
"-0.539265","44.9873735","historic"
"-0.5223355","45.0081895","historic"
"-0.5161675","44.9176315","historic"
"-0.6523235","44.8504745","historic"
"-0.4763675","44.898983","historic"
"-0.7873824","44.5002768","leisure"
"-0.6249555","44.826428","historic"
"-0.614754","44.826137","historic"
"-0.6123655","44.8222455","historic"
"-0.62925","44.838712","historic"
"-0.641007","44.8214255","historic"
"-0.640384","44.8279745","historic"
"-0.6485935","44.8247525","historic"
"-0.656954","44.82424","historic"
"-0.6407435","44.83078","historic"
"-0.2372467","44.9523874","historic"
"-0.3128455","44.769458","historic"
"-0.3121815","44.768259","historic"
"-0.498477","44.7143925","historic"
"-0.3959735","44.7943025","historic"
"-0.4044994","44.7789915","historic"
"-0.404297","44.7788135","historic"
"-0.5960075","44.960517","historic"
"-0.5972695","44.9403595","historic"
"-0.194389","44.8783205","historic"
"-0.1832754","44.9249854","historic"
"-0.17385","44.8980335","historic"
"-0.174587","44.8996515","historic"
"-0.1817175","44.886816","historic"
"-0.164212","44.906276","historic"
"-0.6302695","44.885255","historic"
"-0.62979","44.885177","historic"
"-0.6239555","44.8771655","historic"
"-0.6382255","44.8844255","historic"
"-0.648536","44.887809","historic"
"-0.653601","44.8808955","historic"
"-0.6495335","44.8813015","historic"
"-0.6286065","44.884148","historic"
"-0.645552","44.8891095","historic"
"-0.632723","44.8855005","historic"
"-0.623883","44.8772275","historic"
"-0.60274","44.9808831","historic"
"-0.4210525","44.8016735","historic"
"-0.428201","44.7964887","historic"
"-0.415331","44.7952295","historic"
"-0.6309761","44.836991","leisure"
"-0.3515187","44.6643456","historic"
"-0.322337","44.6702065","historic"
"-0.3537346","44.6642509","historic"
"-0.5801315","44.8024265","historic"
"-0.7159045","45.0885718","historic"
"-0.796617","45.058249","historic"
"0.1680884","44.497492","leisure"
"-0.6809045","44.8420176","leisure"
"-0.0312612","44.8083589","historic"
"-0.6563202","44.8449058","leisure"
"-0.6169295","44.8204527","leisure"
"-0.5792842","44.8032284","leisure"
"-0.5780353","44.8137281","leisure"
"-0.6148435","44.850724","leisure"
"-1.2489947","44.5291593","historic"
"-1.1423565","44.6311405","historic"
"0.3184928","44.196224","leisure"
"-0.2823343","44.7769407","historic"
"-0.670893","44.874473","historic"
"-0.4837568","44.8197307","historic"
"-0.4791555","44.823362","historic"
"-0.498861","44.82556","historic"
"-0.581728","44.8370757","leisure"
"-0.3700636","44.7273369","historic"
"-0.5898693","44.8379772","historic"
"-0.5932356","44.8419252","leisure"
"-0.1865894","44.8301868","leisure"
"-0.5014785","44.8850825","historic"
"-0.5854863","44.8427907","leisure"
"-0.5298645","44.752702","historic"
"-0.513963","44.7626775","historic"
"-0.501876","44.737185","historic"
"-0.4841665","44.753282","historic"
"-0.660833","44.7626688","historic"
"-0.5951091","44.8483127","leisure"
"-0.751819","45.1833203","historic"
"-0.7731782","45.2248056","historic"
"-0.7441639","45.1770741","historic"
"-0.74494","45.176575","historic"
"-0.9144089","45.39156","historic"
"-0.9162037","45.389716","historic"
"-0.795042","45.018901","historic"
"-1.006933","45.4437179","historic"
"-0.747534","45.0525335","historic"
"-0.701828","44.990176","historic"
"-0.646285","45.0088815","historic"
"-0.67609","45.040712","historic"
"-0.6688077","45.0444338","historic"
"-0.6755575","45.035947","historic"
"-0.683775","45.0414145","historic"
"-0.6877232","45.0496019","historic"
"-0.6813115","45.0427205","historic"
"-0.7923534","45.0411438","historic"
"-0.6911845","45.059271","historic"
"-0.679244","45.0277807","historic"
"-0.673679","45.0239345","historic"
"-0.6694325","45.0366575","historic"
"-0.8458189","45.2073388","historic"
"-0.722796","45.117384","historic"
"-0.570421","44.8458026","leisure"
"-0.5701775","44.8441894","leisure"
"-0.5695193","44.8433731","leisure"
"-0.568362","44.8401569","leisure"
"-0.5805229","44.8378558","leisure"
"-0.5739029","44.8178485","leisure"
"-0.570414","44.8642866","leisure"
"-0.5635115","44.8634862","leisure"
"-0.5655949","44.8587498","leisure"
"-1.023581","44.6900195","historic"
"-0.6602481","44.9279503","leisure"
"-0.6529319","44.9268489","leisure"
"-0.2290129","44.5639019","leisure"
"-0.243575","45.0944767","historic"
"0.2762624","44.2920102","leisure"
"-0.7732324","45.1494612","historic"
"-0.8570743","44.6500483","historic"
"-0.943365","45.3072732","historic"
"-0.2369223","44.9177043","leisure"
"-1.0720372","44.6412964","historic"
"-0.4658098","44.8101196","historic"
"-0.9443905","45.5524866","leisure"
"-0.4602196","44.8449593","historic"
"-0.4739227","44.839255","historic"
"-0.4799224","44.8482033","historic"
"-0.5819138","44.847198","historic"
"-0.5571582","44.8434828","leisure"
"-0.4126015","44.849262","historic"
"-0.3797489","44.7041243","historic"
"-0.3793783","44.7039768","historic"
"-0.3721232","44.7081343","historic"
"-0.3485158","44.6651362","leisure"
"-0.5536544","44.7724479","leisure"
"-0.3503086","44.6625256","historic"
"-0.3536136","44.6641842","historic"
"-0.3520114","44.6626763","leisure"
"-0.636098","44.8110125","historic"
"-0.646742","44.805691","historic"
"-0.648192","44.798991","historic"
"-0.6477665","44.7989145","historic"
"-0.6478005","44.7995545","historic"
"-0.648108","44.799151","historic"
"-0.647606","44.7992275","historic"
"-0.6473963","44.7995066","historic"
"-0.647539","44.7989645","historic"
"-0.6480135","44.799127","historic"
"-0.6297679","44.797602","historic"
"-0.4021204","44.710495","leisure"
"-1.2197906","44.2265369","historic"
"-0.596218","44.7682046","historic"
"-0.6169613","44.7612703","historic"
"-0.6146299","44.7696563","historic"
"0.1052863","44.4730835","historic"
"-0.5800051","44.7376719","historic"
"-0.6009383","44.7277658","historic"
"-0.4876876","44.8500224","historic"
"-0.4956494","44.8734771","historic"
"-0.5334529","44.9977398","leisure"
"-0.4844257","44.9255999","leisure"
"-0.309776","44.636756","historic"
"-0.4909956","44.9246177","leisure"
"-0.5179557","44.9452968","leisure"
"-0.5189668","44.9089276","leisure"
"-0.5254575","44.9035379","leisure"
"-0.5140755","44.909476","leisure"
"-0.5080867","44.9037253","leisure"
"-0.5104101","44.8989145","leisure"
"-0.5183336","44.8982425","leisure"
"-0.3176952","44.6644825","historic"
"-0.3262172","44.6473552","historic"
"-0.3242679","44.6419733","historic"
"-0.5214328","44.8898924","leisure"
"-0.5229316","44.8941022","leisure"
"-0.5290535","44.8817957","leisure"
"-0.3532379","44.6645146","leisure"
"-0.4760345","44.8606834","leisure"
"-0.5038732","44.8789339","leisure"
"-0.493755","44.8627569","leisure"
"-0.4990669","44.8580483","leisure"
"-0.491379","44.8463085","leisure"
"-0.4949475","44.8143835","leisure"
"-0.5069572","44.8312075","leisure"
"-0.5268301","44.8595319","leisure"
"-0.5290072","44.8463305","leisure"
"-0.5089311","44.8447542","leisure"
"-0.534145","44.8724891","leisure"
"-0.5315553","44.8671864","leisure"
"-0.672413","44.9004701","leisure"
"-0.6113061","44.9425552","leisure"
"-0.6377167","44.9278018","leisure"
"-0.6283846","44.9077734","leisure"
"-0.6294753","44.9051937","leisure"
"-0.6420714","44.9067339","leisure"
"-0.6303972","44.9161025","leisure"
"-0.6294285","44.9090755","leisure"
"-0.6698383","44.9035618","leisure"
"-0.6589553","44.9262396","leisure"
"-0.5984853","44.9458904","leisure"
"-0.7262519","44.8631497","leisure"
"-0.7673563","44.892221","leisure"
"-0.7030471","44.8908904","leisure"
"-0.6814633","44.8863332","leisure"
"-0.6727658","44.882218","leisure"
"-0.6228139","44.8725792","leisure"
"-0.6538184","44.8805553","leisure"
"-0.6172726","44.882576","leisure"
"-0.6728828","44.8722102","leisure"
"-0.6716307","44.8647566","leisure"
"-0.6303099","44.8868481","leisure"
"-0.6873993","44.7963186","leisure"
"-0.706522","44.7827412","leisure"
"-0.680796","44.8048115","leisure"
"-0.6267215","44.7845944","leisure"
"-0.6193821","44.7590221","leisure"
"-0.5974902","44.7726229","leisure"
"-0.5877929","44.7784586","leisure"
"-0.7783531","45.2677761","leisure"
"-0.7776765","45.2668326","historic"
"-0.5278336","44.7941007","leisure"
"-0.5964834","44.7906835","leisure"
"-0.6026095","44.7778664","leisure"
"-0.6062247","44.77308","leisure"
"-0.5374312","44.8060036","leisure"
"-0.5438585","44.8139155","leisure"
"-0.5879325","44.7928519","leisure"
"-0.5893669","44.8177472","leisure"
"-0.5903428","44.8071008","leisure"
"-0.5794707","44.8094563","leisure"
"-0.5831313","44.7903996","leisure"
"-0.5605029","44.7913291","leisure"
"-0.5839124","44.8103371","leisure"
"-0.6338729","44.8250336","leisure"
"-0.6453045","44.868943","leisure"
"-0.6317767","44.8456263","leisure"
"-0.5890811","44.8684397","leisure"
"-0.7333649","45.1507841","historic"
"-0.3489137","44.6904332","historic"
"-0.7388177","45.1449968","historic"
"-0.5545933","44.815387","leisure"
"-0.5724936","44.8142812","leisure"
"-0.6112625","44.833065","leisure"
"-0.5608041","44.8592894","leisure"
"-0.5639618","44.8306815","leisure"
"-0.5652928","44.8307181","leisure"
"-0.6237783","44.856767","leisure"
"-0.6222504","44.857554","leisure"
"-0.5420216","44.8767298","leisure"
"-0.5766798","44.8643484","leisure"
"-0.5934563","44.8330865","leisure"
"-0.6148917","44.8551846","leisure"
"-0.6170479","44.8606092","leisure"
"-0.5702465","44.819499","leisure"
"-0.5606963","44.847377","leisure"
"-0.5990872","44.8196999","leisure"
"-0.5949353","44.8228516","leisure"
"-0.5923361","44.8263057","leisure"
"-0.7884915","44.8052052","leisure"
"-0.2443578","44.9131821","leisure"
"0.1684298","45.2703992","leisure"
"-0.415536","44.5668628","leisure"
"-1.2458825","44.6428221","leisure"
"-0.1570205","44.8942336","leisure"
"-0.9381649","44.6057147","leisure"
"-0.9388936","44.6053444","leisure"
"-1.024855","45.25415","leisure"
"-0.88823","45.2715972","leisure"
"-0.2196627","44.8054576","historic"
"-0.2070729","44.8101555","historic"
"-0.2878155","44.825683","historic"
"-0.529872","45.0116245","leisure"
"-0.535674","45.011952","leisure"
"-0.3428109","44.8470854","historic"
"-0.6181395","44.7956639","leisure"
"-0.6170175","44.7939302","leisure"
"-0.6201118","44.7930089","leisure"
"0.333841","45.0197105","leisure"
"0.25032","44.503524","historic"
"0.289378","44.6288795","historic"
"0.1676726","44.5027125","leisure"
"0.2041896","44.4145801","historic"
"-0.3937164","45.1409407","leisure"
"0.304093","44.739389","historic"
"0.2951075","44.730149","historic"
"0.3393595","44.7217575","historic"
"0.3261331","44.7225825","historic"
"-0.2696916","44.4925747","historic"
"-0.6990917","45.0504454","leisure"
"0.2286133","44.8087833","leisure"
"-0.4312072","45.4429584","leisure"
"-0.4277938","45.435403","leisure"
"-1.1471775","44.6324526","leisure"
"0.2116346","44.8050684","historic"
"0.2679999","44.7702228","historic"
"-0.568413","44.80902","leisure"
"-0.5404834","44.8887183","leisure"
"-1.0277273","44.6388047","historic"
"-0.6227732","44.8277145","leisure"
"-1.0713949","44.6360996","leisure"
"-0.6820362","45.445806","historic"
"-0.8793324","45.5354419","historic"
"-0.8786202","45.5345885","historic"
"-0.6428979","44.8473872","leisure"
"-0.6420545","44.8472774","leisure"
"-0.566162","44.8307299","historic"
"0.2142822","45.2847201","historic"
"-0.8383137","45.282386","historic"
"-0.8391283","45.2807245","historic"
"-0.8411869","45.2793897","historic"
"-0.84144","45.2793287","historic"
"-0.2407858","44.5559392","leisure"
"0.2825688","45.4840036","historic"
"-0.3039309","45.520702","leisure"
"0.1503705","45.2395735","historic"
"-1.1462109","45.0360328","leisure"
"-0.3650154","44.6778379","historic"
"-0.6606309","44.7443575","historic"
"-0.3696948","44.8289189","historic"
"-0.5799322","44.8180644","leisure"
"0.3403044","45.2467454","historic"
"-1.038316","44.6798943","historic"
"-0.5729532","44.6593059","historic"
"-0.2097567","44.9316592","leisure"
"-0.1232688","44.867528","historic"
"-0.6498233","44.8844115","leisure"
"0.1676612","44.471238","historic"
"-0.6479223","44.8889102","leisure"
"0.2727371","44.8435139","historic"
"-0.6582713","44.8893464","leisure"
"-0.6595402","44.8659358","leisure"
"-0.1155535","44.584613","historic"
"0.0839214","44.6516215","leisure"
"0.0790355","44.649997","historic"
"-0.6510596","44.8885073","leisure"
"-0.1136261","44.896825","historic"
"0.049744","44.625791","historic"
"-0.1572331","44.562866","historic"
"-0.2774634","44.7246859","historic"
"-0.2615385","44.7555665","historic"
"-0.6010621","44.8240366","leisure"
"-0.6015627","44.8245404","leisure"
"-0.029281","44.631775","historic"
"0.000209","44.600256","historic"
"0.129456","44.8183295","historic"
"-0.292297","44.5330193","historic"
"-0.1525184","44.7161977","historic"
"-0.1228455","44.7308997","historic"
"-0.0667435","44.7613262","historic"
"-0.0695692","44.7502272","historic"
"0.0766975","45.1918813","historic"
"-0.2974435","44.623234","historic"
"-0.2969745","44.6215785","historic"
"-0.2963015","44.61123","historic"
"-0.2844903","44.5941347","historic"
"-0.2597555","44.5954235","historic"
"-0.265763","44.5883705","historic"
"-0.292631","44.6034248","historic"
"-0.2913716","44.602823","historic"
"-0.2800897","44.5892262","historic"
"0.25579","45.4449842","historic"
"0.0119935","45.2402271","historic"
"0.0117412","45.2403135","historic"
"-0.0844396","44.7535997","leisure"
"-0.5553138","44.8361345","leisure"
"-0.069238","44.4769545","historic"
"-0.0274544","44.8998442","historic"
"0.0930255","45.2999248","leisure"
"0.2044927","44.7292089","historic"
"-0.3566946","45.0245258","leisure"
"-0.558485","45.0390565","historic"
"-0.558909","45.0391535","historic"
"-0.220293","44.8469072","historic"
"0.09446","45.469652","historic"
"-0.1350734","44.819747","leisure"
"-0.3585505","44.9757159","leisure"
"-0.280015","44.9321425","historic"
"-0.2872205","44.9271185","historic"
"-0.2777407","44.9242275","historic"
"0.3349748","45.0523057","historic"
"-0.6565367","44.9292508","historic"
"-0.5465253","44.8417423","leisure"
"-0.4636894","44.8778327","leisure"
"-0.3163149","44.9002229","historic"
"-0.8333892","45.1707887","historic"
"-0.8233345","45.157171","historic"
"-0.7867841","45.1643421","historic"
"-0.5284798","44.774019","leisure"
"0.2779264","45.4817787","historic"
"-0.4363867","45.4414991","leisure"
"-0.3411372","44.9579341","leisure"
"-0.381766","44.9421294","historic"
"-0.7665056","44.8948282","leisure"
"0.0508809","44.7519215","historic"
"-0.6862085","44.8711555","leisure"
"0.0179768","45.4114724","historic"
"-0.2446066","44.9488723","leisure"
"-0.6783841","44.7977459","leisure"
"-1.0909073","44.8751405","leisure"
"0.2473867","44.233785","historic"
"0.2935082","44.2078258","historic"
"0.0093065","44.5669024","historic"
"-0.0881229","44.5368953","historic"
"-0.1942558","44.5605716","historic"
"0.2010578","44.3035447","historic"
"0.1442436","44.2047858","historic"
"0.121336","44.3127576","historic"
"0.1300457","44.2890708","historic"
"0.2165352","44.2794493","historic"
"-0.2171543","44.9515355","historic"
"0.3227215","44.1977126","leisure"
"-0.0957192","44.9520147","historic"
"-0.6579842","44.8413848","leisure"
"-0.8156794","45.2182404","historic"
"-0.515642","45.0954314","historic"
"-0.0062425","44.241135","historic"
"-0.7733129","45.2542758","historic"
"-0.7843087","45.2428193","historic"
"-0.5427373","44.9389168","historic"
"0.2614849","44.3881809","historic"
"0.2716251","44.4085854","historic"
"-0.1532739","44.9335898","historic"
"0.0852817","44.310789","leisure"
"-1.2101392","44.5859127","historic"
"-1.2158752","44.5779719","historic"
"-0.72251","44.739993","leisure"
"0.1093891","44.3365392","historic"
"0.1117719","44.3433716","historic"
"0.1368073","44.346174","historic"
"0.1621119","44.3261938","historic"
"0.0209699","44.3138801","historic"
"0.0521927","44.3353247","historic"
"0.0522501","44.3351979","historic"
"0.0521381","44.3351989","historic"
"0.0966486","44.3930783","historic"
"0.0446246","44.8162482","historic"
"0.0153916","44.8055842","historic"
"0.2203649","44.4101037","historic"
"0.2186301","44.4108942","historic"
"0.0464175","44.3740712","historic"
"-0.750884","45.1445411","historic"
"0.1425385","44.7557207","historic"
"0.154234","44.4140121","historic"
"0.0454428","44.6959209","historic"
"-1.2228161","44.5750365","historic"
"-1.2242571","44.572471","historic"
"-0.0449828","44.7104827","historic"
"-0.0363379","44.7860781","historic"
"0.3251092","44.7743243","historic"
"-1.162171","44.394964","leisure"
"-0.3182525","44.3876494","historic"
"-0.6192507","44.8064432","leisure"
"0.3377505","45.2464046","leisure"
"0.2762716","44.2901507","historic"
"-0.6714143","44.4180909","historic"
"-0.4294372","45.0657832","leisure"
"-0.1124961","44.3162839","historic"
"-0.5967075","44.8185011","leisure"
"-0.6466212","44.8052037","leisure"
"-0.5936509","44.7972568","leisure"
"-0.5454007","44.822001","leisure"
"-0.8128117","45.2639159","historic"
"-0.8682515","45.2912587","historic"
"-0.5734148","44.7788329","leisure"
"-0.0846042","44.6913079","historic"
"-0.6759091","45.5730726","leisure"
"0.3328178","45.0203055","historic"
"0.1212254","44.4892649","historic"
"0.3125785","44.1972189","historic"
"-0.7040637","44.7645952","leisure"
"-0.5838908","44.8086518","leisure"
"0.2438146","44.8753081","historic"
"-0.5921285","44.8183598","leisure"
"-0.5605889","44.7732235","leisure"
"-0.2676471","44.554838","leisure"
"-0.5620756","44.8308862","leisure"
"-0.5964697","44.7291417","leisure"
"0.2407319","44.5180998","historic"
"0.2404732","44.5180465","historic"
"-0.6296491","44.9188064","leisure"
"0.1155274","44.4607545","historic"
"-0.0438223","44.9354234","historic"
"0.0623146","45.0241701","historic"
"-0.6419299","44.8740185","leisure"
"-0.6493753","44.8648795","leisure"
"-0.3816993","44.6990539","historic"
"-0.2477391","44.5845938","historic"
"0.0396289","44.6335925","historic"
"0.3416454","45.2807638","historic"
"-1.0210372","44.7081677","leisure"
"-0.6565536","44.8853351","leisure"
"0.1695904","45.3847973","historic"
"-0.6671696","44.9041113","leisure"
"0.1925453","45.202202","historic"
"0.215754","45.2253435","historic"
"0.2535865","45.0371974","historic"
"0.3165583","45.4220761","historic"
"-0.8067156","44.506751","leisure"
"-0.5748551","44.8453952","historic"
"-0.8504714","45.3781311","historic"
"-0.7826714","44.8099034","leisure"
"-0.7822207","44.81068","leisure"
"-0.1225458","44.7308968","leisure"
"-0.6638167","44.7922248","leisure"
"-1.12105","44.241507","leisure"
"-0.5403923","44.7715507","leisure"
"-0.5860988","44.7598688","leisure"
"-0.2099157","44.4311466","leisure"
"-0.211627","44.430347","leisure"
"-0.5267389","45.0078015","leisure"
"-0.0227673","44.5607717","leisure"
"-0.5556797","44.7706714","leisure"
"-0.5591016","44.7682656","leisure"
"-0.5770941","44.7648541","leisure"
"-1.1443249","44.7666264","leisure"
"-0.8332711","45.2510948","leisure"
"-0.589292","44.8232066","leisure"
"-0.5750334","44.7612002","leisure"
"-0.5725794","44.8778567","leisure"
"-0.5565571","44.8634338","leisure"
"-0.6474957","44.8403914","leisure"
"-0.5515087","44.8218162","leisure"
"-0.3097168","44.7299926","historic"
"-0.6050466","44.7963105","leisure"
"-0.6573222","44.8041396","leisure"
"-0.5919236","44.8206774","leisure"
"-1.0768031","44.9785539","historic"
"-0.7789456","44.8090381","leisure"
"-0.2400154","44.5572168","leisure"
"0.3254942","44.5235818","historic"
"0.293617","45.5675607","leisure"
"-0.154008","45.4695078","leisure"
"-0.2412424","44.9034998","leisure"
"-0.5915403","44.858969","leisure"
"-0.5706782","44.8754752","leisure"
"-0.5719186","44.785618","leisure"
"-0.5750791","44.7872282","leisure"
"-0.5752171","44.7713631","leisure"
"-0.5722184","44.7557335","leisure"
"-0.5793638","44.7537916","leisure"
"-0.582732","44.7587609","leisure"
"-0.5814074","44.7728471","leisure"
"-0.5443884","44.7696054","leisure"
"-0.5713041","44.7824153","leisure"
"-0.5226485","44.68173","leisure"
"-0.628076","44.8351429","leisure"
"-0.0695436","44.9421602","historic"
"-0.6992717","44.8189878","historic"
"-0.6337475","44.8385351","leisure"
"0.0539688","44.9488","leisure"
"0.1737613","44.5138293","leisure"
"-0.6397674","44.8274538","leisure"
"-0.6227269","44.8254602","leisure"
"-0.5828315","44.8477429","leisure"
"-0.5828227","44.8478405","historic"
"-0.5829442","44.8475745","historic"
"-0.5828994","44.8475719","historic"
"-0.6916134","45.0059727","leisure"
"-0.6002943","44.8810265","leisure"
"-0.6462397","44.8309834","leisure"
"-1.1871463","44.6526726","leisure"
"-0.3231478","44.5720632","historic"
"0.3392253","44.7452169","historic"
"-1.041132","45.0786825","leisure"
"-0.7203725","44.8934319","leisure"
"-0.5419982","44.876765","leisure"
"-0.9192899","44.2138581","historic"
"-0.9169889","44.2041867","leisure"
"-0.6331285","44.8727099","leisure"
"-0.4109799","44.6935086","leisure"
"-0.7280513","44.8658705","leisure"
"-0.6493943","44.8841828","leisure"
"-0.6529393","44.8760941","historic"
"-0.654237","44.8810276","leisure"
"-0.6542563","44.8818811","leisure"
"-1.2049632","44.7180937","leisure"
"-0.4347332","44.9896068","leisure"
"-0.5795281","44.8675406","leisure"
"-0.5847581","44.8696718","leisure"
"-0.5903584","44.8721261","leisure"
"-0.5962174","44.8732684","leisure"
"-0.6039623","44.8725201","leisure"
"-0.6108456","44.8715422","leisure"
"-0.6037563","44.8852986","leisure"
"-0.6342315","44.9177679","leisure"
"-0.6475096","44.8054645","leisure"
"-0.6661615","44.890075","leisure"
"0.3407582","44.3007293","leisure"
"-0.4507403","44.9948732","leisure"
"-0.445088","44.9936913","leisure"
"0.1360993","45.2050938","leisure"
"-0.5969892","44.8655125","leisure"
"-0.6356933","44.868603","leisure"
"-0.9684017","44.6385464","leisure"
"-0.2244415","44.9212313","leisure"
"-0.5435492","44.8737218","leisure"
"-0.8525437","44.691862","leisure"
"-0.7837021","44.5005402","leisure"
"-0.8026071","45.194668","leisure"
"-0.6688827","44.909053","leisure"
"-0.125631","45.0419559","leisure"
"-0.5820595","44.8591393","leisure"
"-0.4301965","44.8812698","leisure"
"-0.1561997","44.8962837","leisure"
"-0.5869276","44.7906605","leisure"
"0.0676399","45.4229941","historic"
"-0.1580493","45.4727936","leisure"
"-1.0347482","44.7046294","leisure"
"-1.288931","44.2074562","leisure"
"-1.1667078","44.6597268","leisure"
"-0.8383853","45.281771","historic"
"-0.4276742","45.4617445","leisure"
"-1.2399978","44.6557985","leisure"
"-0.5921026","44.8164654","leisure"
"-0.6806198","44.8747898","leisure"
"-0.5971937","44.8140175","leisure"
"-0.928014","44.6156806","leisure"
"0.0836301","44.6500851","leisure"
"-0.598252","44.978878","leisure"
"0.0843487","44.6528996","leisure"
"-0.5782588","44.8134216","leisure"
"-0.5629638","44.8232476","leisure"
"-0.8947867","45.3949778","historic"
"-0.7021546","44.8698034","leisure"
"-0.9920969","45.5778605","historic"
"-0.6391792","45.4220739","leisure"
"0.3444778","45.0420466","leisure"
"0.3430783","45.0420993","leisure"
"-0.5214207","45.497854","historic"
"-0.3995512","45.5571098","leisure"
"-0.011845","45.1586399","leisure"
"-0.587488","44.8496935","leisure"
"-0.5126103","44.862191","leisure"
"-0.6650318","44.844225","leisure"
"-0.5588624","44.8514966","historic"
"-0.5600873","44.8525393","historic"
"-0.5417453","44.807192","leisure"
"-0.5417388","44.8066815","leisure"
"-0.5744279","44.8616395","leisure"
"-0.5517388","44.825282","leisure"
"-0.5593514","44.8211266","historic"
"-0.5592913","44.821187","historic"
"-0.5593302","44.821149","historic"
"-0.5593664","44.82111","historic"
"-0.5594046","44.8210716","historic"
"-0.5646601","44.8156116","leisure"
"-0.4963483","44.9293501","leisure"
"-0.5440576","44.8791107","leisure"
"-0.65553","44.8063593","leisure"
"-0.5169651","44.8259074","leisure"
"-0.7150544","44.8918323","historic"
"-0.6251577","44.83864","historic"
"-0.6375248","44.854402","leisure"
"-0.6353303","44.8552228","leisure"
"-0.652614","44.850218","leisure"
"-0.6009024","44.8115128","historic"
"-0.5528826","44.7836237","leisure"
"-0.5491544","44.813961","leisure"
"-0.5407757","44.8072141","leisure"
"-0.5426434","44.8006847","leisure"
"-0.9718007","44.3298135","leisure"
"-0.5449831","44.8744677","leisure"
"-0.4308678","45.434853","leisure"
"-0.5458996","44.7960668","leisure"
"-0.761184","44.6034462","leisure"
"-0.7817392","44.8120626","leisure"
"-0.5140543","44.8928206","leisure"
"-0.6202378","44.8397092","leisure"
"0.3212658","44.8467442","leisure"
"-0.4440023","44.995217","leisure"
"-0.5526498","44.8386313","leisure"
"-0.3389398","44.9915309","leisure"
"-1.2750391","44.2106591","leisure"
"-0.4070567","45.0718604","leisure"
"-0.4953839","44.8737527","leisure"
"-0.5657621","44.7872591","leisure"
"-1.0954622","44.8697884","leisure"
"-0.5614506","44.850284","leisure"
"-0.292175","44.9852494","historic"
"-0.4991164","44.8255221","leisure"
"-0.5293207","44.8416265","historic"
"-0.5293337","44.8416785","historic"
"0.2560742","44.2077141","historic"
"0.2308107","44.1844515","historic"
"0.0781398","44.6542417","leisure"
"0.2944032","44.2499212","historic"
"-0.6525895","44.8404633","leisure"
"0.337108","44.2098647","historic"
"-0.5284173","44.7521418","leisure"
"-0.6499268","44.8485325","leisure"
"0.2797288","45.1540456","leisure"
"0.2428766","45.5015233","leisure"
"0.2408989","45.5007217","leisure"
"-0.3122095","44.7675898","leisure"
"-0.4436129","45.5418253","leisure"
"-0.6144902","44.8457596","leisure"
"-0.2039081","44.9958771","leisure"
"-0.5421278","44.808345","leisure"
"-0.540284","44.8082083","leisure"
"-0.5396905","44.8065695","leisure"
"-0.5407905","44.8075523","leisure"
"-0.539477","44.8066426","leisure"
"-0.6807584","44.8706688","leisure"
"-0.6790063","44.8718368","leisure"
"0.2876639","45.024799","historic"
"0.0564419","44.692047","leisure"
"-0.2298014","44.9120701","leisure"
"-0.6247466","44.832357","leisure"
"-0.5655781","44.8059465","leisure"
"-0.5988234","44.783604","historic"
"-0.4046337","45.0193756","leisure"
"0.3192583","44.8494693","leisure"
"-1.1760871","44.6583198","leisure"
"-0.5038903","44.8964032","leisure"
"-0.6634273","45.1294882","historic"
"-0.6658525","45.1301695","historic"
"-1.0406301","45.5455287","historic"
"-1.0419051","45.5486253","historic"
"-1.0418931","45.5484878","historic"
"0.1140368","44.8568403","leisure"
"-0.4889135","44.7647215","historic"
"-0.3972458","44.7093098","leisure"
"-0.3351821","45.3779455","leisure"
"-0.3212676","45.4018903","leisure"
"-0.5542027","44.7766387","historic"
"-0.6954182","44.9129204","leisure"
"-0.3734809","44.8723829","leisure"
"-0.6127975","44.8142565","historic"
"-0.6056001","44.8154003","historic"
"-0.734954","45.1450273","historic"
"0.1618746","44.4933441","leisure"
"0.1690592","44.4946942","leisure"
"-1.0828047","44.7373215","leisure"
"0.3373119","45.2486393","leisure"
"-0.8108157","44.1996657","leisure"
"-0.7521517","44.3659989","leisure"
"-0.4313487","45.4455063","historic"
"-0.4307487","45.4454526","historic"
"-0.8786551","45.2855251","leisure"
"0.2320034","45.3322204","leisure"
"-0.5524351","45.5697807","leisure"
"-0.3059668","45.521523","historic"
"0.1785544","44.6770083","historic"
"-0.6427307","44.7977283","leisure"
"-0.6040336","44.8518812","leisure"
"-0.5662093","45.3750881","historic"
"-0.1263735","44.7803582","historic"
"-0.6996322","44.8853046","historic"
"-0.3203719","44.6379821","historic"
"-0.580047","44.8424903","historic"
"-0.581408","44.8409165","historic"
"-0.581403","44.8411745","historic"
"-0.723839","44.9262363","historic"
"-0.6372471","44.8169001","historic"
"-0.5775987","44.8322547","historic"
"-0.3893035","44.7851805","historic"
"0.0875976","44.8197467","historic"
"-0.5610807","44.8455577","leisure"
"-0.5977601","44.7478963","historic"
"-0.5438585","44.8141577","leisure"
"-0.2882031","44.8260009","historic"
"-0.5732018","44.8769436","leisure"
"-0.3726509","44.4597888","historic"
"-0.382688","44.5386629","historic"
"-1.071271","44.6361926","leisure"
"-0.2510644","44.8117604","historic"
"-0.2491006","44.7947126","historic"
"-0.26773","44.6646363","historic"
"0.1216649","44.3782728","historic"
"-0.6146702","44.7694588","leisure"
"-0.3052122","44.5938518","historic"
"0.2177761","44.8421476","historic"
"0.2958126","44.4562229","historic"
"-0.5624208","44.8292915","leisure"
"-0.5828315","44.8477429","historic"
"-0.5828697","44.8477948","historic"
"-0.5455629","44.850849","leisure"
"-0.6125869","44.8246009","leisure"
"-0.5799191","44.8495572","leisure"
"-0.5663306","44.8130819","leisure"
"-0.6216286","44.7650914","leisure"
"-0.7077995","45.4348187","leisure"
"-0.6322038","44.9098356","leisure"
"-0.6326064","44.9091611","historic"
"-0.210264","45.384183","historic"
"-0.8030478","45.2501227","historic"
